,评论等级,评论人网名,评论内容,点赞数,回复数,评论时间,评论人性别,评论人个性签名,评论人账户等级,评论人是否会员
0,一级评论,GW-01多功能战斗机,"动画里出现的历史事件1.      37秒左右，西方殖民者掀起了瓜分中国的狂潮
2.      45秒左右，瓜分中国时有人画的《时局图》
3.      1分钟左右，日俄战争
4.      1分18秒左右，日俄战争期间，清政府宣布中立
5.      1分24秒左右开始，各种割地赔款条约签订
6.      1分50秒左右，辛亥***（剪发易服）
7.      2分左右，改组GMD及第一次国共合作
8.      2分21秒左右，第一次国共合作破裂
9.      2分42秒左右，918事变及满洲国成立
10.    2分50秒开始，抗战初期节节败退
11.    3分33秒左右，二战及欧洲战场及美国先欧后亚战略
12.    3分40秒左右，第二次国共合作
13     3分49秒左右，战争相持
14.    4分12秒左右，战略反攻
15.    4分26秒左右，美军在太平洋战场取得突破
16.    4分36秒左右，长崎广岛原子弹爆炸
17.    4分47秒左右，抗日战争结束及国共谈判
17.    4分50秒左右，国共合作第二次破裂
18.    4分55秒左右，解放战争及秃头败退台湾
19.    5分34秒左右，开国大典
大概就是这样了，如果有什么不对和遗漏，来咬我啊 ",9518,57,2015-03-07 23:45:42,男,米格战斗机准备出击！,6,大会员
1,二级评论,王子可,咬 你(〜￣△￣)〜,47,0,2015-03-07 23:56:52,保密,足踏不是峰  仰首又一巅,6,大会员
2,二级评论,B站特约评论员,武装保卫苏联呢？,22,0,2015-03-09 02:52:37,保密,,5,年度大会员
3,二级评论,喵不哭,又复习了一遍近代历史  为什么是又。。,79,0,2015-04-14 17:57:19,保密,,5,大会员
4,二级评论,星期天的彩虹糖,棒！！,4,0,2019-05-05 21:47:00,保密,重要的事重要的人有很多，罗云熙算一个,3,无
5,二级评论,I千钧一发I,本集为全(华夏)近代史梗概，后面大概是第4–1–番外–2–3季(没说错应该是)。,62,0,2019-05-12 00:02:01,保密,bilibili个人认证: 这东西好像可以骗人,4,大会员
6,二级评论,紫蝠,我看种花家就必须得照着这种评论看[蛆音娘_扶额],49,0,2019-05-22 01:14:42,男,,5,年度大会员
7,二级评论,水手喵喵,初二历史,5,0,2019-06-20 08:01:16,保密,,4,大会员
8,二级评论,身随影止,999,0,0,2019-06-21 17:20:54,男,yrt,3,大会员
9,二级评论,创党元老,回复 @紫蝠 :抱歉，表示看着没压力,1,0,2019-07-01 21:23:40,男,,3,无
10,二级评论,流星快停下,回复 @喵不哭 :因为要考了,1,0,2019-07-04 13:20:13,保密,,3,无
11,二级评论,溪念归,大伙们把他顶上一楼[微笑][滑稽][点赞][画风突变],1,0,2019-07-11 14:06:56,女,dream  it  possible,2,无
12,二级评论,御绫军_风仙,初二的历史啊....怀念,1,0,2019-07-26 03:31:01,保密,支持V家! 永远支持绫绫! 乐正集团的姑娘最可爱了！,3,无
13,二级评论,Ly洛伊尔雅dn,兄弟们，你们有注意到，上述仅仅是一集啊,22,0,2019-08-04 02:50:06,男,,4,年度大会员
14,二级评论,小银宇,谢谢,0,0,2019-08-11 13:23:25,保密,,4,无
15,二级评论,amour668,那么，后面这么多集都有这种科普吗？,5,0,2019-09-06 23:08:24,保密,,4,无
16,二级评论,好起来了好起来了,上去,0,0,2019-09-12 12:45:49,保密,,4,大会员
17,二级评论,breadtoo,太厉害了,0,0,2019-09-15 13:21:52,保密,B站太好玩了,2,无
18,二级评论,一顆蛀牙,好强,0,0,2019-09-22 16:49:18,女,biu～,5,年度大会员
19,二级评论,灼灼光辉,辛苦了，中国牛逼,2,0,2019-10-02 08:39:56,保密,,3,大会员
20,二级评论,春日泥泞,👍👍辛苦了,0,0,2019-10-02 09:49:35,保密,跨过星河迈过月亮去迎接更好的自己,5,大会员
21,二级评论,南瓜叶耶耶叶,你好棒啊啊啊啊,1,0,2019-10-02 15:20:34,女,地生会考双A,4,无
22,二级评论,晨晓絮风,你是男孩还是女孩？女的我可要咬你嘴唇了啊[微笑],1,0,2019-10-04 06:58:09,保密,,4,年度大会员
23,二级评论,I千钧一发I,回复 @I千钧一发I :补充一下，古代史是《如果历史是一群喵》，近代史是《那年那兔那些事》(肥志说过未来只更新到清朝，分界线很明确了)——2019.10.6,7,0,2019-10-06 00:09:47,保密,bilibili个人认证: 这东西好像可以骗人,4,大会员
24,二级评论,爱熬夜的臭熊猫,回复 @I千钧一发I :开国大典后就是现代史了吧,1,0,2019-10-16 13:22:05,保密,退网一段时间，等我……,3,无
25,二级评论,小谦米菠萝宝,谢谢你，作为一个理科生也能好好有趣地了解我们中国的历史了，。谢谢你,1,0,2019-10-18 22:09:28,保密,,3,无
26,二级评论,I千钧一发I,回复 @爱熬夜的臭熊猫 :是的，但古近代基本上就是这两个漫画分界线了,0,0,2019-10-19 19:22:47,保密,bilibili个人认证: 这东西好像可以骗人,4,大会员
27,二级评论,3258440747,"动画里出现的历史事件1.      37秒左右，西方殖民者掀起了瓜分中国的狂潮
2.      45秒左右，瓜分中国时有人画的《时局图》
3.      1分钟左右，日俄战争
4.      1分18秒左右，日俄战争期间，清政府宣布中立
5.      1分24秒左右开始，各种割地赔款条约签订
6.      1分50秒左右，辛亥***（剪发易服）
7.      2分左右，改组GMD及第一次国共合作
8.      2分21秒左右，第一次国共合作破裂
9.      2分42秒左右，918事变及满洲国成立
10.    2分50秒开始，抗战初期节节败退
11.    3分33秒左右，二战及欧洲战场及美国先欧后亚战略
12.    3分40秒左右，第二次国共合作
13     3分49秒左右，战争相持
14.    4分12秒左右，战略反攻
15.    4分26秒左右，美军在太平洋战场取得突破
16.    4分36秒左右，长崎广岛原子弹爆炸
17.    4分47秒左右，抗日战争结束及国共谈判
17.    4分50秒左右，国共合作第二次破裂
18.    4分55秒左右，解放战争及秃头败退台湾
19.    5分34秒左右，开国大典
大概就是这样了，如果有什么不对和遗漏，来咬我啊 哥好方法染发剂偶好过分发芽尴尬好几哈哈看不擦v53542",3,0,2019-11-10 16:42:14,保密,,4,无
28,二级评论,寥寥信音,回复 @王子可 :虎毒不食子[滑稽],2,0,2019-11-11 18:39:03,男,若没有心，看清了这局又有何用？,3,大会员
29,二级评论,游春人画中行,7年级学历史来看👀,0,0,2019-11-19 18:33:19,保密,研究研究科学、哲学、艺术、宗教以及一切。,5,年度大会员
30,二级评论,带卡王道不逆不拆,有木有五流氓,0,0,2019-11-20 21:54:31,男,斯莱特林一代天骄我们院长长发及腰,4,大会员
31,二级评论,无影风生,看了一集就把初二上册的历史学了一半儿,0,0,2019-11-24 14:26:39,男,心火を燃やして，敵の身を崩す( •̀∀•́ ),3,无
32,二级评论,樱下之蝶-幽幽子,为什么有秃子没有孙中山？,0,0,2019-11-26 10:10:49,保密,,5,年度大会员
33,二级评论,派大馨21,默默问一下为什么中国是🐰[害羞][害羞][害羞],1,0,2019-11-26 21:09:59,女,Dream it possible,5,年度大会员
34,二级评论,水之高,伪满洲国，不是满洲国,1,0,2019-11-27 18:29:52,保密,,3,无
35,二级评论,geyingjian,1,0,0,2019-12-06 21:24:21,保密,,3,无
36,二级评论,暴躁老哥-在线怼人,来人上恶犬,0,0,2019-12-07 10:25:17,保密,,3,无
37,二级评论,烟雨凌波,回复 @樱下之蝶-幽幽子 :他们说有胡子的萌主就是孙中山。,1,0,2019-12-13 11:06:44,保密,,4,无
38,二级评论,四个橘子丶,1,0,0,2019-12-28 01:04:08,男,,4,无
39,二级评论,一笑倾城的美少女_,还有前面的古代史,0,0,2019-12-28 10:49:46,保密,,2,无
40,二级评论,58569294065_bili,回复 @樱下之蝶-幽幽子 :萌总  就是孙中山啊。同盟会,0,0,2019-12-30 19:38:17,保密,,3,无
41,二级评论,宅家抗击细菌大王,回复 @樱下之蝶-幽幽子 :剪辫子的那位就是中山先生啊,0,0,2020-01-01 08:49:48,男,不吃不接触野生动物，不乱杀生，多食素，积善行德。大家一同努力，武汉加油！中国加油！浙江加油！,3,无
42,二级评论,玩叔今天也在学画画,学了一年半历史，五分钟给我概括完了哈哈哈,0,0,2020-01-11 13:51:21,保密,,3,大会员
43,二级评论,源来是嵩鼠,啧啧，b站都是些什么大神阿,0,0,2020-01-11 16:15:05,保密,十年许嵩，雅俗共赏,3,无
44,二级评论,诸葛飘风,你写完了我的历史作业,0,0,2020-01-13 23:33:44,男,你好,3,大会员
45,二级评论,星宝aa,厉害了我的哥,0,0,2020-02-14 12:30:19,女,,2,无
46,二级评论,hahahaha蛤,天啊啊啊啊 一小段的动画尽然那么多事件,0,0,2020-02-16 22:53:10,保密,,2,无
47,二级评论,我是本站最欧的欧皇,国共二次合作漏了,0,0,2020-02-17 16:22:45,保密,,3,无
48,二级评论,我是本站最欧的欧皇,对不起，没看到,0,0,2020-02-17 16:23:26,保密,,3,无
49,二级评论,凌晨卍三,一目了然，不言而喻,1,0,2020-02-19 15:33:10,保密,念去去、千里烟波，暮霭沉沉楚天阔。,3,无
50,二级评论,仙游63,回复 @喵不哭 :我又看了一遍,0,0,2020-02-25 11:05:50,保密,,2,大会员
51,二级评论,薇尔莉特______,好厉害,0,0,2020-02-27 22:13:19,女,心有猛虎，细嗅蔷薇,2,大会员
52,二级评论,南笙离KY,复习一遍近代史,0,0,2020-02-28 16:51:27,女,,2,无
53,二级评论,薇薇奥,中国人民,0,0,2020-02-28 19:12:37,女,"只想安静
",4,大会员
54,二级评论,骊歌短,回复 @樱下之蝶-幽幽子 :因为压根没讲辛亥革命，北伐也没讲，袁世凯死了后北洋军阀混乱不堪，南方革命军与之谈判破解，孙中山回国领导革命,0,0,2020-03-08 10:23:34,保密,山东政法学院 风动电竞部,3,无
55,二级评论,zheermao折耳猫,回复 @3258440747 :能把历史事件的时间补充一下吗？,0,0,2020-03-11 14:48:10,保密,,4,无
56,二级评论,灵均z,谢谢科普君,0,0,2020-04-02 01:00:25,保密,,3,无
57,二级评论,40703057812_bili,回复 @晨晓絮风 :如果是男孩呢[doge][doge][doge],0,0,2020-04-02 22:22:16,保密,,4,无
58,二级评论,是轻写,我来复习历史了,0,0,2020-04-04 09:10:50,女,这个人懒死了，什么也不想写ヽ(￣д￣;)ノ,5,无
59,一级评论,翊新,"很好，我顶个。

如果你不愿意走在前面，请你跟着队伍；
如果你不愿意跟着队伍走，请你在路边围观；
如果你不愿意在路边围观，请你在网上呐喊；
如果你这些都做不到，请默默闭上你的眼，坐下来享受我们为你争取来的权利；
如果你这都做不到，请你收起你的嘲讽跟无视的目光。
你的视而不见，让我十分忧伤；
你的冷嘲热讽，让我倍感心伤！
我们争取的也是属于你的阳光啊！",19158,61,2015-03-06 19:32:54,男,在谬论面前 ，真理也是谬论,6,年度大会员
60,二级评论,0逍遥子0,这话太赞！！！！,91,0,2015-03-06 19:33:57,男,细味人生快乐种种，后人与你必有所得。,6,大会员
61,二级评论,仿生人梦里的电子羊,回复 @翊新:棒棒棒！！！,12,0,2015-03-08 09:10:49,保密,,5,年度大会员
62,二级评论,嘤叽,说得好！！！,10,0,2015-08-01 23:16:21,保密,,4,无
63,二级评论,梓哥无处不在,说得太棒了,11,0,2019-04-23 16:59:06,女,"夏日里的遗憾一定会被秋风温柔化解
",3,大会员
64,二级评论,爱思考的猫,漂亮,6,0,2019-05-13 21:28:37,男,莫名的伤感,4,无
65,二级评论,栗早-,哭了，顶,6,0,2019-05-14 14:34:30,女,,4,无
66,二级评论,鸣人的绊,你的头像好暖啊,6,0,2019-05-24 22:16:19,女,火影火影火影火影火影火影火影火影火影火影火影火影火影火影火影火影火影火影火影火影火影火影火影火影火影火影火影火影火影火影火影火影火影火影火影,4,大会员
67,二级评论,墨玉箐竹,这个必须顶一个！,3,0,2019-05-26 00:00:58,男,破站不倒，陪你到老,5,年度大会员
68,二级评论,四月戈,赞👍,3,0,2019-05-29 16:54:35,保密,,3,无
69,二级评论,lily989898,"爱我中华,虽然有时候气愤怨恨,但依然爱你,愿我们的种花家越来越好越来越强(･∀･)",176,0,2019-05-30 22:58:27,保密,,4,无
70,二级评论,Bili_174030235,荣辱一体，嘲讽自己国家，自己本国的人的人，实际上是在抽自己,280,0,2019-06-08 21:46:06,女,给钱就当舔狗,4,大会员
71,二级评论,冰山上的小熊TF,泪了,5,0,2019-06-16 20:01:31,女,人生诡谲，仍要坚韧地追求活着的真谛,4,无
72,二级评论,幽篁清玄,有些时候，人们并不是怕自己会受到伤害而沉默。更多的是怕自己最珍重的家人，自己最在乎的事业受到伤害。,36,0,2019-07-07 12:43:12,男,"壮志青天耀白日，血浸山河满地红！
为有牺牲多壮志，敢叫日月换新天！",2,无
73,二级评论,为了胜利_向我开炮,不是岁月一直静好，而是有人替我们负重前行！,31,0,2019-07-12 23:18:29,男,此生无悔入华夏 来世还在种花家,4,无
74,二级评论,一只小稽稽,祖国就算再怎样，我们也要支持她，保护她,13,0,2019-07-17 18:11:00,男,这里是一只小稽稽哦（不是滑稽）,5,无
75,二级评论,深渊隐匿者,回复 @lily989898 :因爱生恨嘛，有的时候看到一些事一些人，真的气，但本心不能丢,14,0,2019-07-18 12:47:36,男,吾咸甚，此鱼何能及我也,5,大会员
76,二级评论,毒瘾少女清眸,我愿紧跟队伍，至死不悔,3,0,2019-08-14 02:09:26,保密,龙哥就是力量,5,大会员
77,二级评论,是兔兔鸭也是木兮,💪💪紧跟队伍,0,0,2019-08-16 21:06:46,女,,4,无
78,二级评论,朝太阳开枪,顶一个,0,0,2019-08-16 23:46:29,男,无所为而无所谓  无所谓而无所不为,3,无
79,二级评论,空山新雨214,加油😭,1,0,2019-08-17 08:20:37,女,加油,4,无
80,二级评论,明月踏雪行,中国🇨🇳,0,0,2019-08-22 06:23:32,保密,吧啦啦啦啦,4,无
81,二级评论,秋风落叶有寒光,别人常说：如果祖国遭到了侵害，热血男儿当自强。那怎样算祖国遭到了侵害呢？外敌是共知的，不必说。我只说：如果一个国家建国、一个民族的精神和国家发展的基础和理念被腐蚀和动摇时，我们的祖国就受到了侵害。——因此，有人说“如果祖国遭到了侵害，热血男儿当自强”的时候，不应忘记这句话的两个含义。不过我也觉得人们推崇第一个也有原因，因为总能是英雄。第二个却不好说，因为世界上有说的出来的话，也有说不出来的话，那就要看心中的信念了。,23,0,2019-09-11 11:45:16,保密,,3,年度大会员
82,二级评论,素面可好,一荣俱荣，一损俱损！[吃瓜],2,0,2019-09-13 09:51:26,保密,人生自是有痴情，人生得意须尽欢！,3,大会员
83,二级评论,不堪回首啊,加油,0,0,2019-09-25 18:54:32,男,好个少年郎,5,无
84,二级评论,可乐旱獭,爱我中华，这段话太棒了,0,0,2019-09-26 06:18:29,女,。。。。,4,无
85,二级评论,咋输入新昵称,犯我中华者，虽远必诛,1,0,2019-09-27 13:53:31,保密,世界既不黑也不白，而是一道精致的灰,4,大会员
86,二级评论,大只狸,ddddd,0,0,2019-09-27 16:51:46,女,梦想成为六级球,5,大会员
87,二级评论,傲娇の叶铭辰,中华人民共和国万岁！世界人民大团结万岁！,1,0,2019-09-27 19:01:22,男,不要哭，真难看，要知道哭也不会改变什么，这个世界从来不曾对任何人温柔。——夏尔·凡多姆海威（啵酱）《黑执事》,3,大会员
88,二级评论,壹只miu,扬花落尽,0,0,2019-09-28 12:21:28,保密,,5,无
89,二级评论,航海骑士,回复 @喷子杠精biss :那美帝人民抽自己抽的咣咣响,1,0,2019-09-29 09:12:38,保密,,3,无
90,二级评论,朝歌明姝,孙先生,0,0,2019-10-01 14:54:31,女,彼汾一曲，言采其藚。彼其之子，美如玉；美如玉，殊异乎公族。,5,大会员
91,二级评论,胖虎超级激光炮,我们爱国是固然的，但是要有一个谦虚的心态，不要膨胀，,5,0,2019-10-01 22:31:52,男,,3,大会员
92,二级评论,请叫我绫,会说话就出本书[2233娘_耶],0,0,2019-10-02 13:51:35,保密,吾辈......,4,年度大会员
93,二级评论,弥柚桃,精辟,0,0,2019-10-04 02:15:43,保密,,3,无
94,二级评论,小鱼玉仙官,2019.10.6木子画❤,0,0,2019-10-06 01:36:05,保密,除却君身三尺雪，天下谁人配白衣。月色与雪色之间，你是第三种绝色。,4,无
95,二级评论,言承旭丶,前面的人倒下我就向前顶,0,0,2019-10-07 09:42:53,保密,,5,年度大会员
96,二级评论,bili_349752562,那如果发现问题能说吗,0,0,2019-10-09 15:15:50,保密,,3,无
97,二级评论,外卖刀客,"回复 @lily989898 :我看过这么一句话感觉说到我心里了，跟你说的很像！
我爱我的祖国，我爱她是因为我爱她！
我恨我的祖国，我恨她是因为我爱她！",3,0,2019-10-12 15:58:14,男,,3,无
98,二级评论,想升级却白嫖的二级号,麻烦去QQ看点去刷，请不要ky，谢谢[嫌弃],1,0,2019-10-26 07:56:01,男,,3,无
99,二级评论,雨宫莲亚森,回复 @想升级却白嫖的二级号 :你才是ky吧,0,0,2019-11-28 10:50:29,男,我要成为一名七都up,5,年度大会员
100,二级评论,我就是一只新人阿婆主,1,0,0,2019-11-29 01:12:00,保密,,2,无
101,二级评论,共产注意种花兔,回复 @中国GC党万岁 :兄弟我看你空间感觉你挺爱国的，发这个表情干嘛？,1,0,2019-12-24 10:23:58,男,,4,无
102,二级评论,王大人在此快,顶,0,0,2019-12-28 16:22:54,男,,4,大会员
103,二级评论,23267941060_bili,顶,0,0,2019-12-29 15:13:19,保密,,2,无
104,二级评论,WyQn义谨,说得好,0,0,2020-01-13 00:12:25,男,大道虚无,4,大会员
105,二级评论,清风徐徐淶,这话太好了,0,0,2020-01-14 13:47:57,男,,3,无
106,二级评论,bili_75152782686,必须顶，说的好！,0,0,2020-01-21 20:38:47,保密,,2,大会员
107,二级评论,小海笑XHX,说的好棒，可以复制来在外网怼喷子吗，希望得到你的同意。,1,0,2020-01-28 20:41:05,保密,,3,无
108,二级评论,汁汁汁,[加油武汉],0,0,2020-02-09 23:25:34,保密,恕我直言，在座的各位,4,无
109,二级评论,坐在开往春天的列车,我爱你中国，中国加油，武汉加油！,0,0,2020-03-06 17:38:23,保密,,2,无
110,二级评论,青涩汤果,回复 @秋风落叶有寒光 :你是个很有思想的人，你说的很对。,0,0,2020-03-13 00:02:13,保密,,3,无
111,二级评论,L-Dragon2,回复 @bili_349752562 :看你怎么说、在哪说、何时说了。问题本身是不是问题也需要思考。,0,0,2020-03-19 14:43:57,男,这是一场为了战胜过去的试炼。人只有战胜了那幼稚的过去，才会有所成长。你也是吧？,4,年度大会员
112,二级评论,取个好名真nan,如果是不好的东西，冷嘲热讽也比视而不见好，视而不见也比站在队伍好,0,0,2020-03-22 19:25:11,保密,,2,无
113,二级评论,bili_74402436576,回复 @梓哥无处不在 :@梓哥无处不在,0,0,2020-03-22 19:59:44,保密,,2,无
114,二级评论,Popipoo333,民主自由法治不是天上掉馅饼,0,0,2020-03-26 19:44:24,男,,4,大会员
115,二级评论,世杰蓝袭,回复 @想升级却白嫖的二级号 :没人发声，你要等到什么时候才发声,0,0,2020-03-28 14:50:13,保密,,3,无
116,二级评论,50280901229_bili,说的好,0,0,2020-03-30 12:34:24,保密,,2,大会员
117,二级评论,26472768309_bili,[支持],0,0,2020-03-31 17:49:50,保密,,3,无
118,二级评论,你的披萨到了,加油,0,0,2020-04-03 19:48:56,保密,,5,大会员
119,二级评论,cnmlgbgdzhhgg,赞,0,0,2020-04-03 21:51:44,保密,,2,无
120,二级评论,捣乱丨丨,回复 @lily989898 :我觉得就真的像妈妈和孩子，可能会吵架，但是外人要是说自己祖国的坏话都会不高兴，会反驳，因为我们自己说是发现问题目的是为了让祖国更好，我想是这样吧,0,0,2020-04-04 21:59:54,女,,4,无
121,一级评论,神奇陆夫人,我认识麻蛇是两年前，他非常惧内，两年后的今天，他仍然惧内，然后还催我西木头（/TДT)/,18109,298,2015-03-07 13:44:17,男,"盯... ...
商务请联系qq2383270848",6,年度大会员
122,二级评论,要来点药不,大师球(〜￣△￣)〜,108,0,2015-03-07 13:44:28,男,专门送药 专治各种因黑子 厨子还患上的绝症,2,无
123,二级评论,月星语,惊了！！！！！！！！！！！！！,103,0,2015-03-07 13:44:22,保密,,5,年度大会员
124,二级评论,夏目砥石,大师球╮(￣▽￣)╭,63,0,2015-03-07 13:44:23,保密,我的收藏，一般都是为了不让自己忘记那些东西的存在，简而言之，不一定是因为喜欢而收藏的,5,大会员
125,二级评论,医生快来,大师球！！,30,0,2015-03-07 13:44:47,保密,对所有在疫情中贡献自己力量的医生以及普通人，表达敬意；对所有在疫情中牺牲的人，表达自己哀悼。谢谢！！！,6,年度大会员
126,二级评论,折棒吃蛋撻,大师球(°∀°)ﾉ,15,0,2015-03-07 13:44:38,保密,,5,大会员
127,二级评论,佘儒帅,大师球ε=ε=(ノ≧∇≦)ノ,7,0,2015-03-07 13:45:02,男,,5,大会员
128,二级评论,翎洛,吓!!!!!!!!!!!!,3,0,2015-03-07 13:45:03,男,此别珍重，江湖再见,5,大会员
129,二级评论,穿茅衣的香菜,围观顺便合影,6,0,2015-03-07 13:45:13,保密,,5,无
130,二级评论,二元降噪,大师球╮(￣▽￣)╭,2,0,2015-03-07 13:45:18,保密,镜子中倒映着自己,5,年度大会员
131,二级评论,艾哒哒哒,活捉野生陆夫人(｡･ω･｡),21,0,2015-03-07 13:44:58,保密,,5,大会员
132,二级评论,最是人间不胜雪,卧槽！！！我看见了谁？！,15,0,2015-03-07 13:44:59,保密,终极腐~,5,年度大会员
133,二级评论,大猫一十二,回复 @user :大师球！！！(｀・ω・´),2,0,2015-03-07 13:45:13,保密,微博：大猫吃肉  原名：火心 请多指教/爱游戏爱撸猫/霹雳痴迷中,5,大会员
134,二级评论,月星语,夫人我是麻蛇的粉丝，你认识麻蛇的话帮我带句话：赶紧更新！！！！！！,418,0,2015-03-07 13:45:24,保密,,5,年度大会员
135,二级评论,夏目砥石,惧内是肯定的……这动画越做下去估计也要越惧内……（话说我也是两年多点前知道了麻蛇画的漫画(=・ω・=),224,0,2015-03-07 13:45:37,保密,我的收藏，一般都是为了不让自己忘记那些东西的存在，简而言之，不一定是因为喜欢而收藏的,5,大会员
136,二级评论,流程如,求夫人帮我等催更,13,0,2015-03-07 13:46:01,保密,普通宅男一枚委曲求全去天桥区,6,年度大会员
137,二级评论,鐵血男一號,活捉！！！,3,0,2015-03-07 13:46:07,男,猛  男,6,年度大会员
138,二级评论,素陌_红A真美味,大师球……我早该猜到的！,0,0,2015-03-07 13:46:15,女,服务器稳定得令人绝望,4,大会员
139,二级评论,595353864,惊。。。,2,0,2015-03-07 13:46:36,男,,5,年度大会员
140,二级评论,荡剑回舟,跟风大师球！~,1,0,2015-03-07 13:46:16,男,我们的征途是星辰大海,5,年度大会员
141,二级评论,狐狸狐狸狐狸狸狸,大师球！,3,0,2015-03-07 13:46:30,男,。,6,年度大会员
142,二级评论,龙汉堡,惊现陆夫人，吃我天使大毛腿,1,0,2015-03-07 13:46:47,男,大叔不都是鬼畜,6,年度大会员
143,二级评论,紫泠芸,(=・ω・=),1,0,2015-03-07 13:47:25,保密,just so so,5,年度大会员
144,二级评论,潇雨澜亭,╮(￣▽￣)╭夫人也来了,1,0,2015-03-07 13:47:36,男,,5,大会员
145,二级评论,小F已弃疗,看大师球！！！还有催西木头下的又不止这一个O(∩_∩)O,0,0,2015-03-07 13:48:17,男,字幕什么的完全看心情做（实际上我只是加工而已）,5,年度大会员
146,二级评论,疏影作尘,虽然不清楚发生了什么还是抢个位置,1,0,2015-03-07 13:48:22,女,桥多麻袋！为什么要借我的号啊！,5,大会员
147,二级评论,Thyen,回复 @user :西木头ε=ε=(ノ≧∇≦)ノ,1,0,2015-03-07 13:48:25,男,萌怎么卖，多少钱一斤？,6,年度大会员
148,二级评论,Nananas三七,活捉陆夫人！,4,0,2015-03-07 13:48:36,保密,微博：@Nananas三七 嗯？,6,年度大会员
149,二级评论,山上的鱼,围观夫人(=・ω・=),0,0,2015-03-07 13:48:41,男,,5,年度大会员
150,二级评论,海雾丶舰队055,"惧内？西木头？都是什么鬼？
",6,0,2015-03-07 13:49:03,保密,,5,大会员
151,二级评论,古-拉哈-提亚,啊啊啊出现了野生的陆夫人！,1,0,2015-03-07 13:49:36,保密,我永远喜欢灶门炭治郎.jpg,6,年度大会员
152,二级评论,一样一个火箭,夫人！！！！！,1,0,2015-03-07 13:50:20,女,,5,大会员
153,二级评论,KeikenSama,"大师球！！
",0,0,2015-03-07 13:50:58,男,两个次元的碰撞，会产生怎样的火花？,5,年度大会员
154,二级评论,一样一个火箭,对了，夫人，帮我们催更啊，麻蛇的节操啊~,1,0,2015-03-07 13:51:33,女,,5,大会员
155,二级评论,我cp天下第一,大师球(=・ω・=)！,0,0,2015-03-07 13:53:03,保密,"来生有来生的际遇
全新的开始
才是真正的未来",5,大会员
156,二级评论,军魂121,原来陆夫人也看那兔啊！,0,0,2015-03-07 13:52:21,男,,5,大会员
157,二级评论,瑟图绘师香香三三,居然见到野生男神了?!Σ(ﾟдﾟ;),0,0,2015-03-07 13:52:58,保密,灵魂是红色的，为了阻止第三次冲击，燃成了白色的灰烬~！,6,大会员
158,二级评论,vandermeer_u,夫人！！（/=3=)/,0,0,2015-03-07 14:00:22,保密,,5,大会员
159,二级评论,NPC一动不动,大师球！！！,0,0,2015-03-07 14:01:46,保密,DDは、悪くないよね～どや？,5,大会员
160,二级评论,你看这个彬彬真是逊啦,"(ﾟДﾟ≡ﾟдﾟ)!?
ε=ε=(ノ≧∇≦)ノ大师球！！",2,0,2015-03-07 14:02:24,男,,5,大会员
161,二级评论,军魂121,╮(￣▽￣)╭其实麻蛇怕老婆大家都知道(｀・ω・´)不过西木头是什么梗,17,0,2015-03-07 14:02:59,男,,5,大会员
162,二级评论,鄢洆yc,大师球(°∀°)ﾉ,1,0,2015-03-07 14:08:43,男,。,5,大会员
163,二级评论,ClearSkies,不行  我看到这里就笑了。。对了夫人 你吃辣豆花不。。,2,0,2015-03-07 14:17:03,男,专注纪录片，但实际上是一个懒人。,6,年度大会员
164,二级评论,Jusiwa,( ´_ゝ｀),3,0,2015-03-07 14:17:14,男,*罒▽罒*,4,大会员
165,二级评论,奔向大海里,惧内233333333,0,0,2015-03-07 14:22:57,女,百无禁忌，诸事皆宜,5,大会员
166,二级评论,切洋葱的甲基陈,这是真的 这不是梦,0,0,2015-03-07 14:34:43,男,,5,年度大会员
167,二级评论,张叻叻,活捉(°∀°)ﾉ,0,0,2015-03-07 14:39:47,男,哪的黄土不埋人？,6,年度大会员
168,二级评论,狂锤之心,回复 @军魂121 :兔吧的果然一捉一个准（￣▽￣）,0,0,2015-03-07 14:54:41,男,,5,年度大会员
169,二级评论,军魂121,（￣▽￣）我也算半个兔吧的只不过没关注,0,0,2015-03-07 15:03:25,男,,5,大会员
170,二级评论,军魂121,回复 @狂锤之心（￣▽￣）我也算半个兔吧的只不过没关注,0,0,2015-03-07 15:04:37,男,,5,大会员
171,二级评论,真的不想,说到惧内，夫人会不会有一点羡慕啊，毕竟夫人还没找到夫人啊~~,13,0,2015-03-07 15:35:33,保密,,6,无
172,二级评论,山林河雾禽兽,后排回收╮(￣▽￣)╭大师球,0,0,2015-03-07 15:45:29,男,县系一哈，模蒿意思,5,大会员
173,二级评论,SmileWORM,卧槽，大师球走你(╯°口°)╯(┴—┴,0,0,2015-03-07 16:36:42,男,人类的本质是一切社会关系的总和。,5,年度大会员
174,二级评论,云风映,Σ( ￣□￣)陆夫人！认识麻蛇请务必帮忙催更QAQ,0,0,2015-03-07 16:36:49,保密,,5,大会员
175,二级评论,X-Type,跟风大师球！,0,0,2015-03-07 16:46:01,保密,秦奋2020,6,大会员
176,二级评论,Accccc,没关系你也可以催呀！,0,0,2015-03-07 18:02:43,保密,,5,大会员
177,二级评论,弈佐,惊呆了啊啊啊啊啊啊啊啊啊啊啊啊啊夫人夫人夫人！！！！！！！！！！！！！！！！！！！！！！！！！！！！,0,0,2015-03-07 18:16:58,保密,"随便放点东西的地方。
不要在评论区吵架，过分言论会删除。",5,年度大会员
178,二级评论,黎逍锦鲤,"夫人大师球
",0,0,2015-03-07 18:28:55,保密,这个人懒死了，什么都不想写(●&#39;◡&#39;●)ﾉ,5,大会员
179,二级评论,我是来混经验的,卧槽！Σ( ￣□￣||),0,0,2015-03-07 18:48:31,男,403 Forbidden,6,年度大会员
180,二级评论,五月听雨,我就知道夫人得来233333，去吧大师球(°∀°)ﾉ,0,0,2015-03-07 18:53:11,男,,4,无
181,二级评论,无言的百瑞,夫人么么哒,1,0,2015-03-07 19:44:04,保密,、,5,大会员
182,二级评论,李无渊,（￣へ￣）大师球 去吧 ,0,0,2015-03-07 20:20:31,男,缘不见，道不现，空有向往在心间。,5,大会员
183,二级评论,悠闲的划水,"你也可以催它,快更兔子(╯°口°)╯(┴—┴",1,0,2015-03-07 21:12:04,男,要污!不要节操!!,6,年度大会员
184,二级评论,宇宙战神郭祭酒,帮我催更夫人！！！,0,0,2015-03-07 21:25:00,男,蜕忘当日的回忆即为成年。,5,大会员
185,二级评论,赵了个花yo,大师球2333,0,0,2015-03-07 21:49:43,女,说到要做到! ,5,大会员
186,二级评论,Tebollinn,大师球！抓住了野生的夫人！,0,0,2015-03-07 22:53:32,女,,5,大会员
187,二级评论,BaekHyun丶,大师球(=・ω・=),0,0,2015-03-07 22:58:30,保密,,5,大会员
188,二级评论,Polaris20-,回复 @神奇陆夫人:精了！！！Σ(ﾟдﾟ;),0,0,2015-03-07 23:06:24,男,摸了,5,大会员
189,二级评论,可乐糯米,回复 @神奇陆夫人:大哥，，， 大哥， 大哥您来了,0,0,2015-03-07 23:26:48,保密,,5,大会员
190,二级评论,骶影,陆碧球(〜￣△￣)〜话说夫人也可以去催更啊23333,0,0,2015-03-08 00:21:10,女,【@骶影_新的一年也在打工】LadyLu的普通观众//大振一生推//OW什么时候填坑// iG 2020冲！,6,年度大会员
191,二级评论,鲤梦几何,(=・ω・=)捉住夫人带回家,0,0,2015-03-08 01:24:44,女,私は翔くんが大好きだ！,6,大会员
192,二级评论,无敌的秦心,大师球(°∀°)ﾉ,0,0,2015-03-08 10:07:56,保密,,5,大会员
193,二级评论,清清小溪水omo,快把西木头吐出来！！,0,0,2015-03-08 10:30:00,男,我真是烦须藤友德，就算我是樱厨我也讨厌他 （某些人的嘴脸好搞笑哦）,5,年度大会员
194,二级评论,虾仁QAQ,真的看到夫人啦(≧▽≦),0,0,2015-03-08 11:51:30,保密,,5,大会员
195,二级评论,伦家才没有,大师球！！！,0,0,2015-03-08 12:43:04,保密,扶她一枚,6,大会员
196,二级评论,彭友の阳光,大师球去吧,0,0,2015-03-08 13:03:35,男,,5,年度大会员
197,二级评论,机械生物病毒,活捉陆夫人,0,0,2015-03-08 15:03:19,男,"Blitzmods
TEAM Wombats
群号：465837685",5,年度大会员
198,二级评论,这名字想了我半小时,大师球！！ε=ε=(ノ≧∇≦)ノ,0,0,2015-03-08 16:10:33,保密,总觉得我的头像哪里不对,4,无
199,二级评论,小明Du,夫人！啊夫人,0,0,2015-03-08 16:52:40,男,萌啊，逼死强迫,5,年度大会员
200,二级评论,帝龍雷牙,大师球(°∀°)ﾉ,1,0,2015-03-08 17:53:33,男,"帝龍雷牙——大地咆哮，海洋翻滚，苍穹轰鸣，持雷之牙，行天之道，帝龍降临
帝龍雷牙——大地崩裂，海洋沸腾，苍穹碎裂，断罪雷牙，戒律天道，帝龍降临",6,年度大会员
201,二级评论,愁闻清雨,回复 @神奇陆夫人:卧槽真的是陆夫人!,0,0,2015-03-08 22:43:40,保密,怎么这么冷，就好像每一粒雪都下到了骨子里。,5,无
202,二级评论,jisfree,大师球！！！,0,0,2015-03-09 11:25:51,保密,在我心上用力的开一枪,5,大会员
203,二级评论,弯道路滑,这不是高仿！这不是高仿！这不是高仿！(因为很重要所以要说三遍),0,0,2015-03-09 11:43:35,男,,5,大会员
204,二级评论,圣光棍骑士团,今天的风儿刮过来好多大师球,0,0,2015-03-09 16:36:10,保密,,6,年度大会员
205,二级评论,核居_xCorjux,大师球！活捉！,0,0,2015-03-09 20:22:10,保密,"""My friend, hope is a prison.""",5,大会员
206,二级评论,做一个好泥泥,大师球！！！,0,0,2015-03-09 20:49:13,女,快乐冲浪,5,大会员
207,二级评论,榆和野,大师球(°∀°)ﾉ,0,0,2015-03-15 12:07:17,女,R.I.P  AO3.,5,年度大会员
208,二级评论,银滑-滑稽的滑,夫人，在下托您给麻蛇那厮带个话：再不更新，板砖伺候！,4,0,2015-03-15 23:55:35,男,"P社游戏迷，钟爱欧陆和肛世界系列。
战忽局外勤组组员。",5,年度大会员
209,二级评论,福姥爷,大师球～～,0,0,2015-03-16 10:05:10,男,,5,年度大会员
210,二级评论,447604266,大师球(°∀°)ﾉ,1,0,2015-03-16 13:35:19,男,月夜66菌很黑的，乃们不要萌他 447604266.qzone.qq.com weibo.com/z447604266,5,大会员
211,二级评论,盟军机动基地车,回复 @军魂121:曾经最著名现在已被ea搞死的游戏公司，陆夫人在做研究西木的历史的大坑。。。还是不知道的话，红警玩过没→_→,2,0,2015-03-16 21:52:59,保密,Locating is key~,5,大会员
212,二级评论,一只小萝莉丶,卧槽夫人啊！！！！！！！！！！！,0,0,2015-03-17 18:02:19,保密,╯^╰,5,无
213,二级评论,佛伦sama,大师球！(´-ω-`),0,0,2015-03-18 20:04:23,男,人形自走猫薄荷,5,年度大会员
214,二级评论,大耗子君,怒丢大师球球球球~(╯°口°)╯(┴—┴(╯°口°)╯(┴—┴(╯°口°)╯(┴—┴,0,0,2015-04-08 14:22:34,保密,大版权时代之前我也曾是一名电影区UP主... ...,5,年度大会员
215,二级评论,紫色水母n倍速,哦哦哦哦哦！！,2,0,2015-04-10 13:29:51,保密,,5,大会员
216,二级评论,妖魔鬼怪快离开__,卧槽Σ(ﾟдﾟ;),0,0,2015-04-18 13:29:46,女,快快乐乐地嗑伞修伞(和其他纸片人cp/不擅长社交。,5,年度大会员
217,二级评论,透明的aki,大师球！！！,0,0,2015-05-01 18:19:38,女,,5,大会员
218,二级评论,oO津名志拓人Oo,大师球！！！,0,0,2015-05-15 14:04:02,男,awsl,5,年度大会员
219,二级评论,AnkaHaiite,首先看看是不是高仿……,0,0,2015-05-15 22:45:58,保密,是谁呼叫空降财政部长,6,大会员
220,二级评论,小篮子ABC, 吓得我赶紧看看是不是高仿,0,0,2015-05-16 14:53:27,女,这个人很懒，不想介绍自己ʕ •ᴥ•ʔ,5,年度大会员
221,二级评论,forpkyu,大师球！嗷嗷嗷嗷嗷(｀・ω・´),0,0,2015-05-17 12:08:34,女,et/琪迹，最大乐趣是睡觉。,5,大会员
222,二级评论,B站精日菲格玛,我了个大草，惊了个呆!,0,0,2015-05-17 17:31:47,保密,姿势水平很低的,5,大会员
223,二级评论,橙色的橘子,大师球(°∀°)ﾉ,0,0,2015-05-17 18:07:00,男,"是个wota艺初心者。
我永远喜欢蜜柑星！！",5,年度大会员
224,二级评论,檀溪x,woc大师球！！！！,0,0,2015-05-24 07:27:25,保密,在死线挣扎中……,5,大会员
225,二级评论,一条咸鱼决定翻身,maya陆夫人，我看看是不是高仿的。,0,0,2015-05-24 17:44:38,保密,？？？？,5,大会员
226,二级评论,翻过三座山,咦！(･∀･),0,0,2015-06-05 21:52:44,保密,,5,大会员
227,二级评论,夜夜无罪,大师球啊啊啊啊啊,0,0,2015-06-19 01:28:13,男,帅的人都喜欢命运石之门,5,年度大会员
228,二级评论,小小良民,大师球_(:з」∠)_,0,0,2015-06-24 22:17:18,保密,多年以后是否还能提着老酒挽着旧友,5,无
229,二级评论,蓝流,这这这(▔□▔)/,0,0,2015-06-25 17:00:45,女,有酒有诗有故事，微雨旧巷念故人。,4,大会员
230,二级评论,撒旦蜀黍,合影留念(〜￣△￣)〜,0,0,2015-06-28 13:06:25,男,,4,大会员
231,二级评论,东方·定助,大师球(°∀°)ﾉ,0,0,2015-07-04 19:13:12,男,世界上没有偶然，有的只是必然,5,大会员
232,二级评论,呗Jang,我都惊呆啦！！！,0,0,2015-07-06 18:47:50,保密,卖萌？嗬，怎么可能。,4,无
233,二级评论,凉风夜丶,我是来催更的,0,0,2015-07-08 16:49:59,男,不要问我为什么 喜欢就坚持吧,5,大会员
234,二级评论,LesterReno,大师球（￣▽￣）,0,0,2015-07-08 17:39:13,男,...,5,年度大会员
235,二级评论,矿泉君,一万个球球砸到了夫人头上,0,0,2015-07-09 20:08:12,男,awsl,6,大会员
236,二级评论,手柄喵,西木头非正常完结绝踩差评中,0,0,2015-07-10 08:12:55,保密,有钱真好啊&hellip;&hellip;有钱就可以做虚拟UP，还可以开发真正的AI了&hellip;&hellip;,5,年度大会员
237,二级评论,光谱乱世,大师球（￣▽￣）,0,0,2015-07-12 12:55:48,保密,李清歌天下第一！,6,年度大会员
238,二级评论,野生的咸鱼渣,大师球(/≧▽≦/),0,0,2015-07-14 03:18:01,男,只是个辣鸡,5,年度大会员
239,二级评论,Rhepi,大师球(=・ω・=),0,0,2015-07-14 08:02:20,男,鸽了好久健身沉迷滑板的大二咸鱼,5,年度大会员
240,二级评论,咸鱼爱饭团,大师球上把→_→,0,0,2015-07-16 10:38:36,保密,,5,无
241,二级评论,爱因斯红毯,(=・ω・=)(｀・ω・´)(&amp;gt;_&amp;gt;)→_→→_→(ﾟДﾟ≡ﾟдﾟ)!?～(￣▽￣～)( ´_ゝ｀)(￣3￣)→_→(&amp;lt;_&amp;lt;)Σ(ﾟдﾟ;)～(￣▽￣～),0,0,2015-07-23 16:31:30,女,"Troye Sivan, Ben Platt, Jonathan Groff, Taylor Swift, 逍遥散人",6,年度大会员
242,二级评论,长白长生长向往,大师球（｡ò ∀ ó｡）,0,0,2015-07-25 22:47:19,保密,ball ball 你们看看我的视频——来自一个新人真挚的请求,5,年度大会员
243,二级评论,DMMMms,大师球_(:з」∠)_,0,0,2015-08-09 20:40:06,保密,多比欧太可爱啦,5,大会员
244,二级评论,杏苞荼,合影！！！大师球啊啊啊,0,0,2015-08-12 10:17:52,保密,Hey ( ･᷄ὢ･᷅ ),5,大会员
245,二级评论,嘿嘿吼耶,回复 @骑着闰土叼着猹：1,0,0,2015-08-27 00:08:22,男,喵喵喵？,5,大会员
246,二级评论,a23de67,挤挤，来当回键盘侠。其实还是很庆幸在这里的，因为拿起历史书，我们的历史有一大本，我们的语文书上是自家的文字，背的是自家的古诗文言文，历史上自家很出名，我想了一下如果是一个没人知道的小地方，用的是别人的语言，历史不厚，甚至没人知道...所以希望历史书继续厚下去，厚到让那些文科生骂娘吧，哈哈,5,0,2015-12-15 17:05:42,保密,,5,大会员
247,二级评论,兔子萌胧,合影～～～,0,0,2015-12-19 16:55:12,男,这里萌胧，爱好绘画、小动物，目前就读于电子科大,5,年度大会员
248,二级评论,K曾山,陆夫人！！！默默合影,0,0,2015-12-27 14:03:44,女,咸鱼一条,5,大会员
249,二级评论,一罐橄榄菜,挤挤大师球～,0,0,2016-01-08 18:15:06,保密,一罐很好吃的橄榄菜,5,无
250,二级评论,Haz1el72,大师球（￣▽￣）,0,0,2016-01-09 12:57:56,保密,咕咕咕咕咕咕,5,大会员
251,二级评论,jnue,惧内有什么不好，按时更新就好。。。(●￣(ｴ)￣●),0,0,2016-01-29 15:08:25,保密,,5,无
252,二级评论,光着屁股的大师兄,参见陆大法,0,0,2016-02-06 16:41:09,保密,"头像就是个傻子 不用在意
",5,大会员
253,二级评论,喜欢橙粒,夫人(°∀°)ﾉ,0,0,2016-02-22 14:18:11,女,我不4拽我4愤怒,5,大会员
254,二级评论,辜月忧,卧槽，夫人来了！,0,0,2016-03-01 21:12:56,男,Novemblue,5,年度大会员
255,二级评论,泪痕依旧,跟风大师球(ง •̀_•́)ง,0,0,2016-03-04 13:37:32,男,无聊啊~无聊啊~聊啊~聊啊~啊~啊~,5,年度大会员
256,二级评论,那我也没有钱呐,大师球(ง •̀_•́)ง,0,0,2016-03-05 10:06:38,男,既然大家都没本事 那各走各路才是真实,5,大会员
257,二级评论,格林木洛洛,夫人！,0,0,2016-03-13 19:45:31,女,李昇炫，李胜贤，胜利，VI，Seungri，Victory୧(๑•̀⌄•́๑)૭,5,大会员
258,二级评论,Ktyung__,大师球(｀・ω・´),0,0,2016-03-25 23:39:32,女,  ,5,大会员
259,二级评论,黑城笑,大师球！！！！！！！,0,0,2016-03-29 22:08:25,男,,5,无
260,二级评论,原木丸子,大师球！！！,0,0,2016-03-30 14:35:18,男,作死不需要理由,5,无
261,二级评论,kajsjgdna,大师球(°∀°)ﾉ,0,0,2016-04-07 18:02:48,男,,5,大会员
262,二级评论,灵鸠伊凛大天狗,wc这是谁,0,0,2016-04-16 10:28:45,女,账号疑似被盗，不雅发言私信我,5,年度大会员
263,二级评论,更新都是懒鬼,大师球･:*｡･:*≡(　_•ω•)_,0,0,2016-04-16 20:45:35,保密,让我更新的人类，都要吃芥末呸呸呸,5,年度大会员
264,二级评论,表里如,大师球～～（￣▽￣）,0,0,2016-04-23 11:01:53,保密,警察问你你就说没见过我,5,大会员
265,二级评论,荣光氦闪,大师球ε==(づ′▽`)づ,0,0,2016-04-24 16:56:44,男,,5,大会员
266,二级评论,一个矮矮的蘑菇酱,大师球\^O^/,0,0,2016-05-02 10:31:29,女,,5,无
267,二级评论,未来QvQ,卧槽   ????夫人,0,0,2016-05-02 14:11:06,男,"甜甜的恋爱什么时候轮到我啊 呜呜呜
一切随缘₍ᐢ •⌄• ᐢ₎

斗鱼:5683017
【夕阳红老年群】303341678
",6,年度大会员
268,二级评论,无限回旋的螺母,夫人吃我一记大师球！,0,0,2016-05-02 17:26:53,男,我做不到啊！,5,大会员
269,二级评论,Cyan_yec,大师球！！,0,0,2016-05-03 09:23:46,保密,,5,大会员
270,二级评论,MJ西西,大师球！！！ε=ε=(ノ≧∇≦)ノ,0,0,2016-05-05 06:55:09,男,其实我发过誓不吃西米露了┌(┌ ､ﾝ､)┐,5,大会员
271,二级评论,绿豆杀包,天啦噜我今天才看见陆夫人的评论,0,0,2016-05-18 00:01:47,保密,世人笑我太疯癫，我笑世人怎么看出来的,5,大会员
272,二级评论,荣光氦闪,挖坟大师球(ಥ_ಥ),0,0,2016-05-22 19:07:16,男,,5,大会员
273,二级评论,楓葉醬,大师球(=・ω・=),0,0,2016-06-09 23:22:46,男,懒了的人。减肥ing,5,大会员
274,二级评论,华卷儿yu,大师球!!!!!!,0,0,2016-07-09 23:07:01,女,卷儿宝贝的小黑胖子,5,大会员
275,二级评论,纳滋咩傻妈,夫人～,0,0,2016-07-10 23:21:43,保密,,5,大会员
276,二级评论,桑菊感冒片,大师球～～～,0,0,2016-07-12 23:17:29,女,yoooooooooo,5,无
277,二级评论,不是傻龙,这就是拖更的理由Σ( ° △ °|||)︴,0,0,2016-07-16 14:26:53,保密,什么时候才可以吃西瓜啊,5,大会员
278,二级评论,南栀阿成,大师球！,0,0,2016-07-17 02:04:14,男,笑看世界,4,大会员
279,二级评论,8823学长在这里,回复 @军魂121:大师球！！！,0,0,2016-07-19 00:21:16,男,,5,无
280,二级评论,拾贝要好好学习,点赞2333你们别动了（￣▽￣）,0,0,2016-07-22 19:52:40,女,宁鸣而死，不默而生。,5,大会员
281,二级评论,布列德费尔德,卧槽在这评论的人等级都好高Σ( ￣□￣||),0,0,2016-07-22 23:24:47,男,懒的清_(:3」∠❀)_,5,年度大会员
282,二级评论,嘟嘟噜噜7号,大师球╮(￣▽￣)╭,0,0,2016-07-29 20:51:05,保密,,4,大会员
283,二级评论,自己包馄饨,突然想起来，我当初好像是因为陆夫人入坑的Σ(ﾟдﾟ;),0,0,2016-08-03 19:26:14,保密,对一切事物都很好奇,5,大会员
284,二级评论,加里宁格勒,天啊，夫人也看那兔？,0,0,2016-08-06 01:06:50,女,L、O、V、E Hajime love！！！,5,大会员
285,二级评论,社会你夏老爷,大师球(=・ω・=),0,0,2016-08-09 23:33:20,保密,,5,大会员
286,二级评论,Azjnsdyx,活捉一只的夫人,1,0,2016-08-10 17:20:52,女,BTS - 阿米春日里最美的七朵花,5,无
287,二级评论,azbiubiubiu,去吧大师球!,0,0,2016-08-11 23:01:57,保密,你好！,5,大会员
288,二级评论,有时想起她,在这都能碰见夫人，(〜￣△￣)〜,0,0,2016-08-26 02:36:45,男,可能是没法做到的事儿，不想她了,5,年度大会员
289,二级评论,颿云舟,大师球,0,0,2016-08-28 17:57:55,男,,5,大会员
290,二级评论,专职潜水一百年,"woc,我陆",0,0,2016-09-02 15:46:51,男,,5,年度大会员
291,二级评论,佐佐木上线,感觉好无语,0,0,2016-09-03 19:19:26,保密,"作自己，走自己的路
",3,无
292,二级评论,虚男-,夫人球(=・ω・=),0,0,2016-09-04 10:05:49,保密,沙关在沙漠 星星死在天上 名字葬在咽喉 我们沦落成爱人 口齿不语 耿耿于怀 你正朽于喧嚣 我正老于世故,4,年度大会员
293,二级评论,但丁nevercry,围观陆夫人,0,0,2016-09-17 02:05:17,男,暴雪大法好，钢普拉大法好，漫威大法好；爱科比，爱哲♂学，爱鬼泣，爱Halo。,6,年度大会员
294,二级评论,洛瑟玛赛隆,一群4级5级的。。。。萌新瑟瑟发抖,0,0,2016-09-19 11:19:17,男,孰对孰错？为了自己的一己私利就可以侵犯他人的合法利益吗？,5,大会员
295,二级评论,念游天际,回复 @a23de67:文科生表示痛并快乐着_(:3」∠)_,0,0,2016-09-20 02:36:08,男,tamamo is my waifu!miko!啊JK你不要用这种眼神看我啊！（滑稽）,5,年度大会员
296,二级评论,半朵娇花呀,合影。。带句话。。麻蛇更,0,0,2016-09-27 17:48:28,女,我们各走各的路，是活在这世上好还是死了好，只有神知道答案。。。。,5,大会员
297,二级评论,我の圆心,大师球,0,0,2016-09-30 23:29:09,保密,此生无悔二次元,5,无
298,二级评论,温傀儡,惊了我的妈大师球,0,0,2016-10-04 17:44:13,女,舍生忘死只为故人回身，置身深渊不过沧海一梦。思吴邪,5,年度大会员
299,二级评论,知道叫神马,夫人(^・ω・^ )(￣3￣),0,0,2016-10-05 22:37:16,保密,,5,年度大会员
300,二级评论,爱划水的长凌酱w,捕捉陆夫人！,0,0,2016-10-07 11:20:10,女,I am,4,大会员
301,二级评论,幻灭残,大师球！！！！,0,0,2016-10-07 14:58:52,男,,3,无
302,二级评论,埃里希·曼施坦因,大师球！不对，二向箔！,0,0,2016-10-07 17:18:41,保密,死于动画区，潜心研究鬼畜，决心向动画区反攻,5,年度大会员
303,二级评论,行歌歌QAQ,大师球,0,0,2016-10-12 18:06:45,男, ,5,年度大会员
304,二级评论,住在隙间里的墨,(´･_･`),0,0,2016-10-13 08:57:03,保密,你是喜欢画画，还是喜欢画画的人,5,年度大会员
305,二级评论,敷衍地演,大师球Σ(っ°Д°;)っ,0,0,2016-10-13 12:31:18,男,,5,大会员
306,二级评论,齐木楠子鸭,趴(=・ω・=),0,0,2016-10-17 13:41:34,保密,羽化而生结于弦,5,大会员
307,二级评论,我想取温文尔雅点的名字，可是我姓刘,打死球(｀・ω・´),0,0,2016-10-21 20:15:38,男,哎哟，真没啥好说的，说了你也不看,5,大会员
308,二级评论,所见之原,大师球！！,0,0,2016-10-26 19:40:09,男,朝生暮死,5,大会员
309,二级评论,我脸好白,惧内。。。那是爱的体现啊。。。额，我不知道夫人说的惧内是不是我理解的那个惧内,0,0,2016-10-27 02:04:39,保密,放心，我是男生????,5,大会员
310,二级评论,Orane_Fudge,活捉紫头发,0,0,2016-10-27 19:20:55,女,糖果能够让人快乐起来,5,无
311,二级评论,Indianpossible,Word妈  陆夫人,0,0,2016-10-28 14:05:15,男,,5,无
312,二级评论,我真的好困好想睡觉啊,一楼的大师球(=・ω・=),0,0,2016-10-29 10:06:18,保密,真的懒得和你bb,5,大会员
313,二级评论,名之间,大师球◑▂◑,0,0,2016-10-29 20:15:00,男,,5,大会员
314,二级评论,唐糖历史频道,大师球╮(￣▽￣)╭╮(￣▽￣)╭╮(￣▽￣)╭,0,0,2016-11-06 16:22:28,保密,雄关漫道真如铁，而今迈步从头越。立志做1万期视频。,5,大会员
315,二级评论,-白月初-,夫楞我爱你啊(￣3￣),0,0,2016-11-10 20:11:34,保密,啥b,5,大会员
316,二级评论,旧人抱剑归,大师球(⌒▽⌒),0,0,2016-11-13 16:48:50,保密,,4,无
317,二级评论,松野家五嫂,大师球……我似乎发的有点晚,0,0,2016-11-27 20:09:22,女,→_→,5,大会员
318,二级评论,薄荷味的小橘猫,围观(=・ω・=),0,0,2016-11-28 17:58:56,男,此生渡此身,5,年度大会员
319,二级评论,伊甸园古蛇,萌新默默问一句:啥情况?陆夫人是哪位啊？还有麻蛇是啥意思啊，求解释，真不知道啊？(ﾟДﾟ≡ﾟдﾟ)!?,0,0,2016-12-25 11:48:35,男,哈哈哈哈哈哈哈哈哈我已经疯了！,5,年度大会员
320,二级评论,请叫我提子,大师球,0,0,2016-12-25 17:58:19,男,,5,大会员
321,二级评论,鎏の剡,夫人  新年快乐,0,0,2017-01-02 00:17:35,男,"网上遇到的事情，多思考，少评论
这样就可以保持愉快心情网上冲浪",5,年度大会员
322,二级评论,王诩鬼谷子,回复 @神奇陆夫人:vvccqaq,0,0,2017-01-07 17:50:33,男,知行合一,5,大会员
323,二级评论,Xsjf5kbdaskdhsk,天哪好的多大师球╮(￣▽￣)╭,0,0,2017-01-07 22:15:21,女,风调雨顺，国泰民安。,4,无
324,二级评论,安小受,丢大师球~,0,0,2017-01-08 11:30:27,保密,,6,年度大会员
325,二级评论,S丶SC,超级大师球！,0,0,2017-01-08 13:57:48,男,SC  KD &KT,5,无
326,二级评论,穆天綦,大师球！,0,0,2017-01-12 15:15:02,保密,穆天的都是我！,2,无
327,二级评论,伊凡_Crian,夫人！！！,0,0,2017-01-15 16:35:16,女,你好啊。,5,年度大会员
328,二级评论,提米道长,卧槽，快大师球！,0,0,2017-02-09 19:06:05,男,,5,大会员
329,二级评论,沉迷美色的雨子,(ﾟДﾟ≡ﾟдﾟ)!?(ﾟДﾟ≡ﾟдﾟ)!?(ﾟДﾟ≡ﾟдﾟ)!?(ﾟДﾟ≡ﾟдﾟ)!?,0,0,2017-02-16 23:08:16,保密,头像是我男朋友谢谢配合,5,大会员
330,二级评论,啊嘞我是谁,大师球╮(￣▽￣)╭唉，别跑啊，快回来Σ(ﾟдﾟ;),0,0,2017-02-20 08:36:55,保密,愿逝者安息，愿生意奋发，愿祖国昌盛,5,年度大会员
331,二级评论,此间乐不思弔,大师球！！！！！,0,0,2017-02-20 20:11:50,男,我愿称夸哥为最强,5,年度大会员
332,二级评论,英俊的处男,大师球！,0,0,2017-03-14 19:34:11,男,开开心心每一天,5,大会员
333,二级评论,小冰儿,夫人夫人(๑ºั╰╯ºั๑)我爱你啊啊啊啊啊啊啊啊啊啊啊,0,0,2017-04-01 20:08:44,女,我在■■■，丢失了你。,5,大会员
334,二级评论,你楸啥嘿嘿,卧槽。  大师兄,0,0,2017-04-26 16:03:33,男,,4,无
335,二级评论,王杰希家的狸w,陆夫人……????????????,0,0,2017-04-30 16:24:33,女,"这里狸_(:з」∠)_天雷xz/xzf/mxtx相关。
主全职，ES，A3_(:з」∠)_静候篱归w",5,大会员
336,二级评论,亾丶天,大师球！,0,0,2017-05-09 02:23:05,保密,"Follow your heart,keep your and never let others destroy your dream.",5,年度大会员
337,二级评论,江月川_,惊了！！！我捕捉到这个夫人的时候，老鹅已经和夫人去了迪士尼并且有了小姐姐了哈哈哈_(:3」∠)_,0,0,2017-05-10 02:41:29,女,"                   世界那么大
                   钱包那么小
                   _(:з」∠)_",5,大会员
338,二级评论,蕾姆爱着菜月昴,大师球！,0,0,2017-05-12 17:34:06,男,蕾姆，希望你能快乐的活下去！同时也谢谢各位的关注，蕾姆万岁！！！,4,大会员
339,二级评论,飞行风神翼龙,大师球╮(￣▽￣)╭,0,0,2017-05-18 13:18:11,男,逗逼,5,大会员
340,二级评论,菜菜秧秧,大师球,0,0,2017-05-21 12:32:31,保密,,4,大会员
341,二级评论,法系AN,大师球,0,0,2017-06-05 22:25:22,保密,别看了，我把你当笑话呢,5,年度大会员
342,二级评论,非酋成就满级,大师球,0,0,2017-06-14 07:31:00,保密,想写也青同人文,5,大会员
343,二级评论,上官の风凌,大师球！！,0,0,2017-06-26 18:44:15,男, 过去的不再回来，回来的不再完美。,5,年度大会员
344,二级评论,劳资是眼镜儿君,woc，陆陆陆陆夫人！？？？？,0,0,2017-06-30 07:34:48,女,强大的不是野火山洪，而是你渡世而来的温暖的风,5,大会员
345,二级评论,十岁的暑假,大师球,0,0,2017-06-30 17:48:06,保密,,3,无
346,二级评论,寒nm,大师球,0,0,2017-06-30 22:36:06,男,老e老乡,5,年度大会员
347,二级评论,是真的呢,666666,0,0,2017-07-01 10:45:40,保密,身不在高，一米三行。胸不在大，有型则灵。斯是萝莉，维吾可心。洋装猫耳朵，小嘴大眼睛。谈笑欧尼酱，笑颜呆死歌姬。可以给糖果，玩亲亲。无八卦之乱耳，无血拼之劳行。学校游泳池，公园小凉亭。吾自云：萝莉万岁！,5,大会员
348,二级评论,kunico,大师球,0,0,2017-07-01 11:34:44,保密,这里是kunico，一个圈很杂的小窗口,5,大会员
349,二级评论,梦初见又离别,陆夫人,0,0,2017-07-01 20:15:46,保密,简直太完美了！（泪目）,5,无
350,二级评论,踏雪lueluelue,夫人球(^・ω・^ ),0,0,2017-07-01 22:04:45,男,emmmm,5,年度大会员
351,二级评论,不曰而同,大师球,0,0,2017-07-02 02:58:13,保密,每个人都有不同的感受。每个人心中都有自己的爱。或许炙热，或许平淡，或许冷清，或许。。。希望记住心中对你的每一分感动,4,年度大会员
352,二级评论,黑鹰灬战神,活捉陆夫人，承包陆夫人,0,0,2017-07-02 16:25:41,保密,,4,大会员
353,二级评论,花京院-齐贝林-典明,大师球！！！,0,0,2017-07-03 00:59:19,保密,( →˘•ω•˘ )→,5,年度大会员
354,二级评论,思念水的鱼,打破233评论,0,0,2017-07-13 21:11:46,男,反正无聊玩玩，呵呵哈哈哈23333,5,年度大会员
355,二级评论,暗夜战神,大师球,0,0,2017-07-14 01:24:24,男,我只是看看不说话,5,年度大会员
356,二级评论,点子2006,你见过麻蛇?！,0,0,2017-07-14 17:01:44,男,众所周知，这个号就是用来看视频的,5,年度大会员
357,二级评论,NIO_Nyan,大师球,0,0,2017-07-20 18:10:19,保密,这里是Nyan，请多关照！是一个从未更新过的一个UP主。,5,年度大会员
358,二级评论,bk哒哒哒哒,害怕！！！,0,0,2017-07-20 19:30:52,保密,,4,大会员
359,二级评论,千D-d,夫人我是麻蛇的粉丝，你认识麻蛇的话帮我带句话：赶紧更新！！！！！！,0,0,2017-07-22 16:17:16,男," QQ1499168335。。。。。。。。。。。。。
社会小企鹅",5,大会员
360,二级评论,新设海洋都市CAPE,大师球捕捉,0,0,2017-07-23 01:39:26,保密,专业炸楼机,5,大会员
361,二级评论,伏见裳,大师球,0,0,2017-07-23 19:46:16,男,不能因为一人的肃穆而要求群体的缄默,5,年度大会员
362,二级评论,清萌萌檬,大师球,0,0,2017-07-25 00:47:45,保密,想嫁闻特助,4,无
363,二级评论,水星梨汁,大师球！！！,0,0,2017-07-27 00:00:27,保密,"这个人懒死了,什么都没有写。",5,大会员
364,二级评论,薄荷家有只小叶子,球！！！！,0,0,2017-07-28 16:43:21,保密,十年热血写信仰，荣耀永不散场！,5,大会员
365,二级评论,EIHE_,大师球。。。好像晚了点,0,0,2017-07-29 02:20:59,男,吾等誓为.....陆在脚下 pi升天,5,年度大会员
366,二级评论,若有鸶,大师球,0,0,2017-07-30 20:14:09,女,,4,大会员
367,二级评论,ナニダト,大师球,0,0,2017-08-01 09:23:30,保密,,5,大会员
368,二级评论,杰里杰气家的小怪兽,大师球,0,0,2017-08-02 00:10:07,女,开心做一条咸鱼,5,年度大会员
369,二级评论,武当掌门-蔡居诚,围观Σ(ﾟ∀ﾟﾉ)ﾉ,0,0,2017-08-05 09:01:57,保密,(◔◡◔),5,年度大会员
370,二级评论,人活着就是为了卡老师,大师球,0,0,2017-08-10 10:46:37,保密,"这只鸟已经累了/沉迷卡老师和喀兰贸易无法自拔
企鹅暂时请走1532761149，可能变更
lof一只路过的scp-049-j",5,大会员
371,二级评论,奶油咖啡斑,夫人！(°∀°)ﾉ,0,0,2017-08-10 22:58:30,女,Go SunPark.,5,年度大会员
372,二级评论,Thethinguide,求更新,0,0,2017-08-11 20:33:22,保密,,2,无
373,二级评论,余岁晚,大师球(°∀°)ﾉ,0,0,2017-08-14 23:30:06,女,什么都想学学看,4,无
374,二级评论,快乐E往直前,大师球,0,0,2017-08-15 16:27:49,保密,,5,年度大会员
375,二级评论,原始好霉,大师球是什么梗,0,0,2017-09-03 23:08:21,男,小心我用阿姆斯特朗回旋加速阿姆斯特朗意大利炮射死你这个蠢货(｢･ω･)｢,5,大会员
376,二级评论,Chen菠萝,又过了两年,1,0,2017-10-02 11:42:07,男,陈菠萝,5,大会员
377,二级评论,夙兴夜魅,woc迟到的大师球,0,0,2017-10-21 19:51:32,保密,,5,年度大会员
378,二级评论,诺亚艾维拉露丝玛丽,因为羹怕了,0,0,2017-10-25 19:14:53,保密,是的，你没看错哟，这就是我诺亚艾维拉露丝玛丽的新化身，怎么样？是不是很棒吧？嘿嘿嘿(๑＞ڡ＜),4,大会员
379,二级评论,雨染无殷,大师球(°∀°)ﾉ,0,0,2017-10-26 19:01:52,女,什么时候才能六级,5,大会员
380,二级评论,无聊啊啊啊啊唉,上香。,0,0,2017-10-29 09:12:20,男,"迷茫的路上睡觉了=_=



我只想死",5,大会员
381,二级评论,宇宙最美秃头怪,大师球下面一对大师球,0,0,2017-11-09 12:04:51,女,主业搬运，副业偶尔自制狂暴助眠+推文扫文～闲差写写小说;-),5,年度大会员
382,二级评论,丷小逗比,。。。。。来晚了好久QAQ,0,0,2017-11-09 20:43:54,保密,,5,无
383,二级评论,秋の冷漠ScReaM,lv4瑟瑟发抖,0,0,2017-11-12 19:04:20,男,拉普兰德赛高！,5,年度大会员
384,二级评论,崇兮奶果,哇  两年前¦•ˇ₃ˇ•｡)可是还是大师球,0,0,2017-11-14 10:51:21,保密,,5,年度大会员
385,二级评论,只想做咸鱼的苏联球,苏联球捕捉ε=ε=(ノ≧∇≦)ノ,0,0,2017-12-01 16:45:16,保密,没错，我就是苏联球，其他的都是我小号,3,无
386,二级评论,Dante_Alexeivich,鹿夫人？,0,0,2017-12-04 13:04:10,保密,,4,无
387,二级评论,叫我苏馨啦QwQ,居然能在这看到夫人！,0,0,2018-10-06 18:15:09,女,唔……不敢吱声,5,大会员
388,二级评论,爱诗乃的黑卡蒂,这么多五级大佬，小小萌新不敢说话,0,0,2018-11-11 22:18:53,男,相信奇迹的人，本身就和奇迹一样了不起！,5,大会员
389,二级评论,你的菜阿冥,西木头什么意思？,0,0,2018-11-20 20:45:39,男,夏日的星空下，仰望着冥王星。,4,无
390,二级评论,Ayane翻唱团,大师球=￣ω￣=,0,0,2018-11-21 20:00:36,女,"空你几哇～这里是Ayane翻唱团鸭！
美丽的团高管小姐姐们：
薇儿，鹿野，樱姬，三叶
今后也请继续支持我们鸭！",4,无
391,二级评论,涟涴雨纷落,等等惧内....耙耳朵！！！,0,0,2018-11-25 12:08:09,女,这只喵懒死了，所以什么都没有写(   ･_･`  ),5,大会员
392,二级评论,格格图,夫人球！,0,0,2019-03-23 12:54:25,保密,懒惰搬运工,4,无
393,二级评论,吗123111进化体,回复 @格格图 :听说现在麻蛇被出道的都没脸更新这个了？是真的吗？,0,0,2019-03-29 00:27:16,男,,4,无
394,二级评论,烟都の意宫,这就是中国在五常中被戏称兔子的由来？,0,0,2019-04-05 13:18:56,男,古岂无人，孤标凌云谁与朋。高冢笑卧，春秋一阙任琦行。,5,大会员
395,二级评论,猫歇午后说喵,我惊了，是夫人哎，夫人我是你的粉丝！(ღ˘⌣˘ღ),0,0,2019-04-06 14:28:29,保密,霹雳布袋戏操偶师猫叔是台d，这事没法翻篇，剑子，龙宿，大师再见吧,5,大会员
396,二级评论,何年丶何故,催更催更,0,0,2019-05-15 20:32:47,保密,"世界上最远的距离
不是生与死的距离
而是我站在你的面前
你却不知道我爱你",5,年度大会员
397,二级评论,十殿老鬼,老～陆～啊～,0,0,2019-05-17 09:57:47,男,单纯的路过,5,年度大会员
398,二级评论,上天入地一条蛇,大师球,0,0,2019-06-04 11:58:06,保密,一个有病的人,5,年度大会员
399,二级评论,三条的今剑,大师球o(￣ヘ￣o),0,0,2019-06-14 20:34:49,保密,,4,无
400,二级评论,人生在世爱白兔,回复 @艾哒哒哒 :[我家大师兄脑子有坑_吃瓜]大师球,0,0,2019-07-10 01:52:09,男,力量即是正义！强权带来自由！独裁维护和平！利刃所向即是帝国边疆！征服一切!征服一切!,4,大会员
401,二级评论,江波wave,上了中考综合性学的阅读材料,0,0,2019-07-20 13:01:57,男,吾为宝而生，必寻吾之宝。,4,无
402,二级评论,玉兰仙君,大球,0,0,2019-07-26 00:32:50,男,QQ2602987121,4,无
403,二级评论,少年九尾狐,小气，小气，小小气[嫌弃],0,0,2019-08-05 12:48:33,保密,,4,无
404,二级评论,Mr萌狸,夫人我愛你啊啊啊啊,0,0,2019-08-13 23:17:18,女,瓦力瓦力哇,5,大会员
405,二级评论,Mr酱新,这位夫人是哪家的大佬啊，催西木又是啥,0,0,2019-08-15 18:29:04,男,我需要静下来心来，不要在这个繁华的世界里迷失了自己,5,年度大会员
406,二级评论,听风知风,回复 @佘儒帅 :麻蛇是什么,0,0,2019-08-15 22:47:08,男,如果奇迹有颜色  那么一定是中国红。,4,无
407,二级评论,听风知风,回复 @一样一个火箭 :麻蛇是什么,0,0,2019-08-15 22:47:26,男,如果奇迹有颜色  那么一定是中国红。,4,无
408,二级评论,雨灵岚,回复 @与我赴爱河 :那兔的作者，鸽了很久的大鸽子,0,0,2019-08-21 17:40:38,保密,万年潜水党,5,年度大会员
409,二级评论,室友丢了,大？大师球？，不知道什么意思，跟风跟风,0,0,2019-08-22 17:51:45,保密,,4,大会员
410,二级评论,黑岩xx,大师球,0,0,2019-08-28 17:24:48,男,,5,大会员
411,二级评论,我是征召兵,westwood？,0,0,2019-08-28 22:51:59,保密,,4,无
412,二级评论,哎呀子予,大师球[吃瓜],0,0,2019-09-11 16:53:54,男,日常不知道更新什么的懒惰up主,4,无
413,二级评论,嗜血马甲,回复 @要来点药不 :。。,0,0,2019-10-02 17:54:55,保密,,5,年度大会员
414,二级评论,白日梦非也,麻蛇是啥啊,0,0,2019-10-02 19:37:11,女,,4,无
415,二级评论,I千钧一发I,"回复 @夏目砥石 :好像两位历史兽漫的都惧内[吃瓜]
——2019.10.18，来自4年后的评论",0,0,2019-10-18 22:45:20,保密,bilibili个人认证: 这东西好像可以骗人,4,大会员
416,二级评论,逆光飞翔的鱼,麻蛇羹 麻蛇羹 麻蛇羹不羹[画风突变][画风突变][画风突变],0,0,2019-11-16 09:23:49,男,飞舞轻扬,3,无
417,二级评论,Jay丶ang,都是五六级的大佬号呀[妙啊],0,0,2020-02-12 12:59:28,男,但行好事，莫问前尘。,3,大会员
418,二级评论,奇怪の多糖,回复 @要来点药不 :瞧瞧我翻评论的时候发现了谁（doge）,0,0,2020-02-19 16:23:47,男,,5,年度大会员
419,二级评论,聪明の一休哥,刚看完你发的达芬奇密室,0,0,2020-03-31 23:59:23,男,,5,大会员
420,一级评论,郑大钱啦,如果我们的民族不算是一个优秀的民族，那么也就不会延续四千年。百年屈辱的近代史，对于中国来说也只不过是一瞬间，中国衰落过也辉煌过，弱小过也强大过，失败过被欺辱过却也从来没有屈服过。往事如水东逝不返，我没有机会见到汉唐盛世，却有幸看见一个新的盛世！中国加油，我爱你中国！！,11618,101,2015-03-06 21:18:49,男,余尝得一前朝铜器于渡口，绿锈环生，溯其源而不可追也，然尤见天工若儒生之典雅，不免悲从中来，遂以铜生命之。,5,大会员
421,二级评论,LV_17,回复 @安息祭灵:中国也爱你(￣3￣),56,0,2015-03-06 21:56:34,保密,,5,年度大会员
422,二级评论,郑大钱啦,回复 @中二病也要喜当爹 :首先Mandarin指的是普通话而不是胡语，反而是Chinese包含的范围更广，Chinese不但包括普通话也包括地方方言更包括中国少数民族的语言也就是你所说的胡语。关于抑扬顿挫的问题，西南官话里面甚至连翘舌音都不说，所以我觉得普通话比古汉语少几个音调也无可厚非。,131,0,2015-03-08 22:06:06,男,余尝得一前朝铜器于渡口，绿锈环生，溯其源而不可追也，然尤见天工若儒生之典雅，不免悲从中来，遂以铜生命之。,5,大会员
423,二级评论,郑大钱啦,回复 @中二病也要喜当爹 :因为理论被攻破就摆出一种看似是防御性的妥协实则是一种不服输的狡辩来凸显自己的逼格高？,85,0,2015-03-08 22:24:31,男,余尝得一前朝铜器于渡口，绿锈环生，溯其源而不可追也，然尤见天工若儒生之典雅，不免悲从中来，遂以铜生命之。,5,大会员
424,二级评论,郑大钱啦,回复 @中二病也要喜当爹 :又说说你所说的优秀民族芬兰日本，或者偏安一隅，或者带来毁灭。中国辉煌过，辉煌到足以照亮整个远东，给邻国带来的是文明和一个相对稳定的环境。日本也辉煌过，却给整个远东带来了灾难。孰优孰劣不言而喻，如果没有纸张那么有多少文明能够流传，如果没有罗盘又怎么会有大航海和因之而起的工业革命。,264,0,2015-03-08 22:33:16,男,余尝得一前朝铜器于渡口，绿锈环生，溯其源而不可追也，然尤见天工若儒生之典雅，不免悲从中来，遂以铜生命之。,5,大会员
425,二级评论,郑大钱啦,回复 @中二病也要喜当爹 :美国对日宣战是1941年，此时离中国抗战已经过去了四年了，所有重要的战役都在这四年打完了，日本此时已经因为战线拉得太长深陷战略纵深的泥潭。而在中国抗战最艰难的时候美国一直在与日本保持正常的贸易关系，从某种意义上说就是日本的后勤补给，就连日本偷袭珍珠港的前一天美日还签订了互不侵犯和平条约，要不是日本偷袭了珍珠港美国仍然不会管中国的死活，继续做着这种为虎作伥之事。,208,0,2015-03-08 22:41:34,男,余尝得一前朝铜器于渡口，绿锈环生，溯其源而不可追也，然尤见天工若儒生之典雅，不免悲从中来，遂以铜生命之。,5,大会员
426,二级评论,郑大钱啦,回复 @中二病也要喜当爹 :在2255楼，你说你不爱国但不会卖国，说明你承认你是中国人。那你又为何要在这里假装自己会说关东日语来装逼呢？,131,0,2015-03-08 22:44:55,男,余尝得一前朝铜器于渡口，绿锈环生，溯其源而不可追也，然尤见天工若儒生之典雅，不免悲从中来，遂以铜生命之。,5,大会员
427,二级评论,郑大钱啦,回复 @中二病也要喜当爹 :联合国公认的最美语言，请你拿出干货来，联合国什么组织认定的？怎么认定的？通过什么形式认定的？而且我也没说你会说日语是卖国呀，我只是觉得你身为一个中国人在这里炫耀自己会说日语并以之为傲略感可笑而已。,169,0,2015-03-08 22:50:50,男,余尝得一前朝铜器于渡口，绿锈环生，溯其源而不可追也，然尤见天工若儒生之典雅，不免悲从中来，遂以铜生命之。,5,大会员
428,二级评论,郑大钱啦,"回复 @中二病也要喜当爹 :既然你这么擅长日语，你就翻译一下这段吧。
「ブラック企業」というと、多くの人は飲食や小売を思い浮かべるかもしれない。いや、介護やITの方が厳しいと訴えたい人もいるだろう。しかしネットでは、高給イメージのある金融系、特に証券会社にもブラック企業が多いという話題に事欠かない。
",78,0,2015-03-08 22:51:21,男,余尝得一前朝铜器于渡口，绿锈环生，溯其源而不可追也，然尤见天工若儒生之典雅，不免悲从中来，遂以铜生命之。,5,大会员
429,二级评论,愁闻清雨,回复 @中二病也要喜当爹:公认的？谁公认的？有开联合国大会投票吗？,38,0,2015-03-08 22:54:21,保密,怎么这么冷，就好像每一粒雪都下到了骨子里。,5,无
430,二级评论,郑大钱啦,回复 @中二病也要喜当爹 :看到你我只能说穷寇莫追,33,0,2015-03-08 23:00:03,男,余尝得一前朝铜器于渡口，绿锈环生，溯其源而不可追也，然尤见天工若儒生之典雅，不免悲从中来，遂以铜生命之。,5,大会员
431,二级评论,郑大钱啦,回复 @中二病也要喜当爹 :说好的汉语最难听呢？,24,0,2015-03-08 23:04:31,男,余尝得一前朝铜器于渡口，绿锈环生，溯其源而不可追也，然尤见天工若儒生之典雅，不免悲从中来，遂以铜生命之。,5,大会员
432,二级评论,郑大钱啦,回复 @中二病也要喜当爹 :说好的汉语最难听呢,15,0,2015-03-08 23:09:30,男,余尝得一前朝铜器于渡口，绿锈环生，溯其源而不可追也，然尤见天工若儒生之典雅，不免悲从中来，遂以铜生命之。,5,大会员
433,二级评论,EroImgCollector,回复 @中二病也要喜当爹:再美也是小语种啊！,15,0,2015-03-08 23:14:31,保密,涩图怪,6,大会员
434,二级评论,酌酒推砚,支持层主，打脸打得好爽。,55,0,2015-03-10 21:51:52,保密,,5,年度大会员
435,二级评论,圣鱼Daoxia,回复 @安息祭灵:看到你的评论我只想说一句:自强不自大，实干兴邦,21,0,2015-03-10 22:47:06,男,A man,4,无
436,二级评论,Carlince,我爱你！中国,1,0,2015-04-06 12:23:42,女,,3,无
437,二级评论,墨莲紫冉,干得漂亮！,4,0,2015-04-17 17:43:38,女,我虽气愤事情本身，但最使我心凉的是无能为力。,5,无
438,二级评论,傀凉,看到第一句话就点赞√,1,0,2015-06-25 18:12:41,女,即使国家不同，语言不同，文字不同，也想永远一起观赏同一个月亮。,5,无
439,二级评论,sdsd1156,层主如果去G+ 估计会战得很痛快！！有理有据，果然有干货才能让人闭嘴，不然只能像菜市场一般的互骂，谁也说服不了谁,27,0,2015-06-28 23:15:59,男,,6,年度大会员
440,二级评论,堇业先锋_,回复 @中二病也要喜当爹:也是醉。。。,1,0,2016-01-23 00:03:50,保密,,5,大会员
441,二级评论,momoranshan,然而明明是五千年谢谢。别拿夏朝还没得到外国承认说事，外国明明有历史学家承认的。而且夏朝即使在国外也只是存在争议，而不是被完全否决。霓虹说中国是4000年就4000年了？,46,0,2016-01-29 13:32:28,保密,愿我有生之年得见您君临天下,4,无
442,二级评论,文思墨客筱洁,回复 @郑小钱也要挣大钱 :和动画完全不搭，（百度翻译的结果是：所谓“黑企业”，多数的人也许会想起餐饮和零售。不，有想看护和IT方面严厉的人。但是，网络上，在金融机构的金融机构，特别是证券公司的黑企业也不多的话题。）,0,0,2016-04-21 13:27:49,女,欢迎勾搭~企鹅群533704884，讨论养花，少前什么的都可以。快关注我啊！真的好希望我的粉丝数哪天比我的关注数多。。。,5,年度大会员
443,二级评论,被冻死的熊与你,特别想问发生了什么,3,0,2016-04-30 02:26:12,女,,5,大会员
444,二级评论,朝朝暮暮且欢歌,回复 @中二病也要喜当爹:竟然有中国人说自己的国家是zhina？啧啧。怎么出了这种。人？。如果日本也多一些像某位那样这么崇洋媚中的人的话，中日的关系早就好了呢(￣▽￣)／自己喜欢日语，人日本人根本不拿你当回事(￣▽￣)／热脸贴人家冷屁股哟～,40,0,2016-08-17 18:57:48,男,,5,大会员
445,二级评论,dadadaつ,五千年嗷嗷嗷，把夏朝算上 (ﾉ´▽｀)ﾉ♪，还有真的很喜欢层主这样有理有据的辩证,9,0,2016-08-30 13:35:29,女,略略略,4,无
446,二级评论,momoranshan,5000年谢谢 出土的大型遗址早就可以侧面说明5000年了。还有国际上也有不少支持5000年的。一口咬定4000的是脚盆鸡。,28,0,2016-09-03 09:12:39,保密,愿我有生之年得见您君临天下,4,无
447,二级评论,提尔比兹战列舰,回复 @中二病也要喜当爹:恕我直言，你就是个渣渣,7,0,2016-10-09 17:42:15,保密,这是我小号( ͡° ͜ʖ ͡°)✧,5,大会员
448,二级评论,大明湖畔的生物课代表,一看就知道楼上那个中二病因为层主太有理有据接不上话消失了。层主干的漂亮！,10,0,2016-11-06 09:56:18,保密,,5,年度大会员
449,二级评论,执鸢づ,回复 @良善君子:不知道为什么就是想赞你,0,0,2016-11-16 00:54:36,保密,喵⊙ω⊙～,5,大会员
450,二级评论,momoranshan,五千年，或者不止五千年。,7,0,2016-12-21 17:59:12,保密,愿我有生之年得见您君临天下,4,无
451,二级评论,伊甸园古蛇,莫名其妙的撕逼楼，完全不知道咋开始的。。。,0,0,2016-12-25 11:53:03,男,哈哈哈哈哈哈哈哈哈我已经疯了！,5,年度大会员
452,二级评论,尼糯米呀卡住哪里,回复 @momoranshan:不是公元前2070到现在么？蛮久以前学得历史了，如果有误拜托指出(°∀°)ﾉ,0,0,2017-02-03 12:16:36,保密,每日任务：吃饭，睡觉，爱nino，保持可爱QAQ,5,年度大会员
453,二级评论,爷就是朕,回复 @良善君子 :楼楼，我是今天才看到的，我也想说他来着（￣▽￣）结果没找到，楼楼说的太好了，楼楼是个爱国主义者，比那些只会崇洋媚外的人好。我不是一个特别抵制外国的人但是在我出生的那一刻起只要其他国家得罪种花家我是不会踏入他们国家半步不会像以前那样客观的来看待他们，或许有人说我偏激，但我就是这样，我不会容忍别人侵犯祖国的尊严，不会容忍那些忘恩负义的人，不会容忍因为祖国的一时忍让而胡作非为的人(^・ω・^ ),13,0,2017-02-25 13:18:51,保密,,4,大会员
454,二级评论,不爽猫ws,层主干得漂亮,0,0,2017-11-12 13:01:24,女,二次元宅腐女，出门会死星人。,4,无
455,二级评论,我为你写歌,我是汉人我骄傲,2,0,2018-03-08 21:54:09,保密,,3,无
456,二级评论,应梦笙歌,4000年？是不是有点问题。4000年，是生生砍去夏商啊。也是国际流氓总是干的事。种花家有夏古都的遗迹，商的文物，那些“国际上的历史学家”以种花家遗迹没有刻夏字为由，拒绝承认。故，5000年，砍掉1000年啊。变，4000.但是，自己，还要知道的,21,0,2019-01-13 06:41:25,保密,在一国必须坚守一国法律，法律的道德的最低底线。但法律也需要改变。,2,无
457,二级评论,应梦笙歌,而他们的历史，始于《荷马史诗》（￣▽￣）,9,0,2019-01-13 06:42:41,保密,在一国必须坚守一国法律，法律的道德的最低底线。但法律也需要改变。,2,无
458,二级评论,嘎嘎答,，，，,0,0,2019-01-13 21:36:01,保密,,4,大会员
459,二级评论,欠落的人生,满分,0,0,2019-01-17 17:18:31,男,,5,无
460,二级评论,阿离菓多,抱歉 是五千年。,4,0,2019-03-07 23:06:52,男,,4,无
461,二级评论,炒鸡大锅223,现在被联合国教科文组织承认的是5800年，并且已经有史料证明了的，我相信随着以后的各种进步会发现不止5800。,17,0,2019-03-14 15:12:30,男,:P,3,无
462,二级评论,vistaw,打底五千年谢谢,3,0,2019-04-26 08:10:41,保密,,4,无
463,二级评论,popoiss,我爱你中国！,0,0,2019-04-28 12:24:20,女,吧唧一口ઇଓ,4,无
464,二级评论,可爱的断牙QwQ,不是明朝之后就灭亡了吗？怎么就一百年啊,1,0,2019-05-01 09:21:58,保密,虫群,5,大会员
465,二级评论,zk00,回复 @郑大钱啦 :这个人说什么了？怎么都@他,2,0,2019-05-12 22:32:33,男,,4,无
466,二级评论,我和白敬亭结婚了,中国我爱你❤,0,0,2019-05-22 08:48:50,女,简单,3,无
467,二级评论,缘梦一场,赞有没有可能破万了？？？[响指],0,0,2019-05-24 13:11:42,男,美国人的母亲在中国教中国人爱国，讽刺不讽刺？,5,无
468,二级评论,哩噢_,这个动画片我吹爆！！！,3,0,2019-06-08 00:58:56,女,,5,大会员
469,二级评论,白蓝社长,才四千年？按照西方人的标准近八千年前的梁祝文明就已经有文明遗迹和文字了。,5,0,2019-06-08 21:53:40,男,"
喵喵喵？",4,无
470,二级评论,saaaaasmart,回复 @郑大钱啦 :文化不可以说优劣，日本发扬光大的时候，他们文化中的糟粕也被放大了，于是才有这样的灾难。不是说我们没有，我们的文化只是在这个方面比日本更加深厚。文化的优劣一旦出现了区分，便是民粹主义的兴起的开端。无论好坏，我们都要客观评价历史和文化。,5,0,2019-07-04 13:02:30,男,,5,年度大会员
471,二级评论,你音太美,回复 @saaaaasmart :我觉得日本在文化传统方面做的比中国好，你们自己去体会一下，传统节日还有原来的味道吗。反观日本那边，茶道，剑道，和服都可以穿出门，现在我们连穿汉服的勇气都没有。日本是传统文化和现代科技结合最好的国家，中国科技确实比日本稍强点，但太急于发展而传统文化没有发展壮大,4,0,2019-07-23 08:50:23,保密,,4,大会员
472,二级评论,你音太美,回复 @你音太美 :东方的啊不是世界的,0,0,2019-07-23 08:51:04,保密,,4,大会员
473,二级评论,你音太美,回复 @你音太美 :如果想喷欢迎大家[嫌弃]不服每年节假日和春节体会体会，有能力去日本旅游体验一下,0,0,2019-07-23 08:53:08,保密,,4,大会员
474,二级评论,属龙哥,回复 @你音太美 :我们学校有一些女生穿汉服上学，而且今年我们毕业，大概有5个班的毕业服是汉服，一开始有些人都不怎么接受，不过穿上去真的挺好看的，所以这是我值得欣慰的地方，我也想说，这几年中国的进步是巨大的，能感受到。,12,0,2019-07-26 23:02:33,男,做一个乐观的人，热爱生活，热爱祖国与亲人。,4,年度大会员
475,二级评论,此人不在看,我们，不止5000年[画风突变],8,0,2019-07-30 17:54:11,保密,,4,年度大会员
476,二级评论,你音太美,回复 @属龙哥 :那你们是够厉害的[微笑],0,0,2019-07-31 06:50:06,保密,,4,大会员
477,二级评论,你音太美,回复 @属龙哥 :不过日本那边是现象级的，大家都穿，咱这只有少数的一部分吧[尴尬],1,0,2019-07-31 06:50:54,保密,,4,大会员
478,二级评论,iostreamstdio,你的头像,0,0,2019-08-06 12:42:49,男,"#include&quot;zzy.h&quot;
#define char a \'z\'；
#define char b \'y\'；
cout&lt;&lt;a&lt;&lt;a&lt;&lt;",4,年度大会员
479,二级评论,黑暗之神9527,太赞了，给力，看好你哦,0,0,2019-08-09 17:59:52,保密,,4,大会员
480,二级评论,姓何名故,回复 @你音太美 :太夸张了你好像还活在十年前,4,0,2019-08-11 19:50:02,保密,"
   别上赶着找骂(˘͈ᵕ ˘͈❀)",4,年度大会员
481,二级评论,姓何名故,回复 @你音太美 :穿汉服的人很多。而且我知道的，七年前就有不少,4,0,2019-08-11 19:51:02,保密,"
   别上赶着找骂(˘͈ᵕ ˘͈❀)",4,年度大会员
482,二级评论,姓何名故,回复 @你音太美 :而且七年前的环境比现在要好。反而现在的汉服被弄得乌烟瘴气乱七八糟。,4,0,2019-08-11 19:53:01,保密,"
   别上赶着找骂(˘͈ᵕ ˘͈❀)",4,年度大会员
483,二级评论,姓何名故,回复 @你音太美 :什么形制党之类的乱七八糟的东西都出来了。真的烦。以前汉服环境真的是比现在好太多了,5,0,2019-08-11 19:55:15,保密,"
   别上赶着找骂(˘͈ᵕ ˘͈❀)",4,年度大会员
484,二级评论,仰头望,说的太好了大哥！,0,0,2019-08-15 11:17:10,保密,,3,大会员
485,二级评论,颜良戏舍,如何不优秀？自谦罢了。如果又系我两个字还要给外热，那就是个失败的民族。,0,0,2019-08-15 17:47:53,男,人立人，事成事，期与我无任何干系。,4,无
486,二级评论,maomao_oam,中国得以延续数千年并且以四大文明古国唯一尚存的原因就是，我们民族有着最优秀的文明理念，这就是强大的中华文明，得以在每次外族入侵时都能坚强地抗击敌人，并且站立于蓝星之上,0,0,2019-08-17 20:08:06,男,aerfa,4,无
487,二级评论,我心安处是家乡,中华民族是世界上最伟大的民族。没有之一，永远都是！！！,5,0,2019-08-18 13:20:31,男,快5级了,5,无
488,二级评论,jbwzzz,回复 @momoranshan :多少年也是他爹,0,0,2019-08-23 17:02:02,保密,,3,无
489,二级评论,虚都动画,回复 @你音太美 :日本再好是你家？,4,0,2019-08-26 12:07:25,男,Kyonto Animation Official,5,年度大会员
490,二级评论,虚都动画,回复 @你音太美 :我也这么想过，但是已经过了怀疑自己国家的阶段了，一个人也是中国的一部分，你做的好，中国也会变好,2,0,2019-08-26 12:08:30,男,Kyonto Animation Official,5,年度大会员
491,二级评论,钢铁之月1,回复 @郑大钱啦 :普通话是胡人说汉语的口音，你跟我讲无可厚非？,0,0,2019-08-30 07:01:59,保密,,3,无
492,二级评论,钢铁之月1,回复 @郑大钱啦 :米国只是想找一个参战的理由，要不然米国干嘛封锁日本的石油等战略物资,0,0,2019-08-30 07:03:26,保密,,3,无
493,二级评论,钢铁之月1,回复 @郑大钱啦 :古汉语，粤语这些。普通话不配,0,0,2019-08-30 07:04:34,保密,,3,无
494,二级评论,山东的兔子,关注楼主了，楼主超棒，向楼主学习(=^▽^=),0,0,2019-09-11 23:29:42,保密,,4,无
495,二级评论,瓜畲陽氏-自卑亭,回复 @郑大钱啦 :五千年，良渚古城了解一下,1,0,2019-09-16 16:20:33,保密,独览梅花扫腊雪，细睨山势舞流溪,4,无
496,二级评论,龙仰峪,回复 @你音太美 :所以我们才要去发扬自己的优秀的传统文化呀！不用去羡慕别人，而是去学习别人的学习态度。会有越来越多的人弹中国乐器、喝中国茶（我喜欢宋朝的点茶，说是一点都不涩，还香香的哟）、作为汉人随便穿汉服（为了尊重55个少数民族，我只希望有自己的汉族服饰就好啦）、说中国话、看中国电影和电视… …加油！先辈们已经让我们独立起来，强大起来了！我们要让她更加闪耀！,7,0,2019-09-18 19:25:20,女,刷视频滴人,3,大会员
497,二级评论,黯渗漏惰,回复 @郑大钱啦 :这人删评论了？,1,0,2019-09-26 18:29:19,保密,我懒死了，,5,大会员
498,二级评论,黄色体验,拿出小本本记好[doge],0,0,2019-09-28 19:56:06,保密,,4,无
499,二级评论,sneaker阿屿,@郑大钱啦 老哥干得漂亮!,0,0,2019-09-30 05:19:12,保密,胸有惊雷 面如平湖,3,无
500,二级评论,蓝星的一只兔子,是中华上下五千年,0,0,2019-09-30 23:55:45,女,喵喵喵！等等，我，好像，是只兔子.............嘤嘤嘤！,5,大会员
501,二级评论,八寻宁宁和花子君,明明是5000年好吧,0,0,2019-10-02 00:45:58,保密,不到最后一刻绝不放弃,4,年度大会员
502,二级评论,fensa-凛fam,只有经历过喜怒哀乐与兴衰的国家才是真正的成熟国家，否则也只会是和中二时期的少年一样的不成熟？,2,0,2019-10-04 03:05:34,男,不在，让我静静,5,年度大会员
503,二级评论,蔻蔻---,哭了,0,0,2019-10-16 05:50:11,女,,4,大会员
504,二级评论,蔻蔻---,牛逼到哭,0,0,2019-10-17 23:08:15,女,,4,大会员
505,二级评论,小白鼠终结者,回复 @朝朝暮暮且欢歌 :你居然还能这么和气讲话，我已经想揍人了,0,0,2019-10-19 01:47:45,保密,哦呦～随缘灵车群：861247655，欢迎各位加入！巴扎嘿！,4,年度大会员
506,二级评论,晴明家的小草莓,回复 @你音太美 :当国家还没有解决存亡危机和温饱问题的时候，文化确实应该是最后考虑的。别人还在封锁你，文化传承得再好能保命吗？并不能。所以只能暂时滞后，等到现在慢慢复兴传统文化。当初打倒孔夫子，也是因为当务之急是铲除封建思想兴起民主主义，矫枉必先过正。而日本之前就是因为没有做好扬弃，其传统文化中的武士道精神衍生出的军国主义和对天皇的效忠精神，成为了引发其发动侵略战争的原因之一，葬送了自己国家的前途。现在日本发展文化做的好，我们应该学习；但是过去我们滞后甚至抛弃传统文化也是有历史原因的。,8,0,2019-10-26 11:04:58,保密,,2,无
507,二级评论,轻罗小扇扑鹰酱,回复 @你音太美 :你觉得什么东西一千年都没一点改变除了说明它死脑筋，没创意，不知变通还说明什么？最讨厌有人拿小鬼子的那一套说事。都该去祖宗牌位前罚跪去。,0,0,2019-10-28 22:31:42,女,,3,无
508,二级评论,恰恰的小曼,回复 @zk00 :我也想知道,0,0,2019-11-01 13:07:14,男,,4,无
509,二级评论,我爱夏天的丸子,回复 @一直变胖怎么办 :形制本就是汉服的根本，没有形制瞎改就不是汉服，那是汉元素而已。,1,0,2019-11-30 09:29:29,保密,,4,无
510,二级评论,梁非凡的下铺,回复 @momoranshan :恭喜，良渚文化的发现已正式了中华的上下五千年,0,0,2019-12-28 17:54:42,保密,,4,年度大会员
511,二级评论,之若侨城,回复 @尼糯米呀卡住哪里 :公元前2070年是夏朝建立，前面还有部落混战阶段和尧舜禹阶段，这不算吗？,0,0,2020-01-14 23:01:49,女,好好说那些年,3,无
512,二级评论,052D昆明号驱逐舰,回复 @一直变胖怎么办 :有一说一，形制真的挺重要的，说的是复兴，要是形制全都是胡编乱造的那还叫什么复兴，干脆叫新兴得了,2,0,2020-02-15 21:09:55,保密,这个人懒死了，什么都没有写(´･_･ ` ),4,无
513,二级评论,052D昆明号驱逐舰,回复 @钢铁之月1 :谁告诉你的？都辟谣多少年了都，本来汉语就在不断演变，是兼容并蓄的存在，照你的说法，只有上古汉语才是汉语咯？那你怎么不用古汉语说话？,2,0,2020-02-15 21:14:26,保密,这个人懒死了，什么都没有写(´･_･ ` ),4,无
514,二级评论,度川式人,回复 @你音太美 :你在说什么？日本的这些东西不都是从中国来的,1,0,2020-02-29 10:31:41,保密,,3,大会员
515,二级评论,另外的五子棋,回复 @momoranshan :良渚文化发掘了，不够五千年的谣言不攻自破，城邦文化也是文化传承，毕竟白皮承认希腊城邦文化也是文化传承。[OK],1,0,2020-03-08 22:48:52,男,起风了，唯有努力生存,5,年度大会员
516,二级评论,ssr金雕,回复 @郑大钱啦 :牛逼，支持,0,0,2020-03-11 13:09:45,保密,,4,无
517,二级评论,风在雨中央,回复 @你音太美 :你能说出这些话，但你从未真正了解过中国文化,2,0,2020-03-12 05:00:42,保密,“生活不止眼前的苟且，还有诗和远方的田野”,5,年度大会员
518,二级评论,你音太美,回复 @风在雨中央 :咱们其实彼此彼此吧，嘴上谁都会说，可真正了解的有谁呢？[妙啊],0,0,2020-03-12 10:23:32,保密,,4,大会员
519,二级评论,你音太美,回复 @风在雨中央 :中国在对传统文化的宣传上来看完全没问题，很给力。但是你从整体上来看，有些是不是已经变味了呢？传统文化不是饭圈，有不足就要及时补足，这样中华民族不是才能更好的崛起吗？希望我们所有华人的自信不要变成自负,0,0,2020-03-12 10:29:57,保密,,4,大会员
520,二级评论,你音太美,回复 @虚都动画 :嗯。。。。你怕不是理解错意思了，我可不是舔日本的人，而且也没到怀疑国家的地步，你明显是把我的意思夸大了，我只是说目前普遍现象，自己国家啥情况肯定都清楚，该自豪的一定要自豪，但是有不足就要及时补足，你说呢？？？[笑][笑],1,0,2020-03-12 10:38:25,保密,,4,大会员
521,二级评论,你音太美,回复 @轻罗小扇扑鹰酱 :嘴臭的看清意思再来喷，谢谢[微笑][笑][笑][笑],0,0,2020-03-12 10:40:02,保密,,4,大会员
522,二级评论,你音太美,回复 @轻罗小扇扑鹰酱 :而且很明显你恨错对象了，我们恨得只是军国主义那些拥抬者，那些策划者和参与者，但那只是日本的部分，终究不能代表全部日本人，现在不是很多日本人对自己国家之前做的事感到非常可耻吗？安倍狗那些除外[疑惑][疑惑][疑惑],0,0,2020-03-12 10:47:47,保密,,4,大会员
523,二级评论,轻罗小扇扑鹰酱,回复 @你音太美 :你觉得你没错就不要删评论，让大家继续看，继续评。你犯了众怒干嘛跑来骂我？,0,0,2020-03-12 11:45:54,女,,3,无
524,二级评论,虚都动画,回复 @你音太美 :日本人普遍对华不友好，这点你要清楚,1,0,2020-03-12 11:48:23,男,Kyonto Animation Official,5,年度大会员
525,二级评论,洋芋不如土豆好吃,我们是天选之人，地理位置太完美了,0,0,2020-03-15 09:25:38,保密,,4,无
526,二级评论,点叉丶,回复 @你音太美 :说个你可能不太认可的观点，所谓的“汉服”并不是中华民族的传统服装，它只是现代流行元素的一个文化符号，一种消费品背后的消费观念。中华民族本就不是一个纯粹血统的民族，是由历朝历代的文化不同地域民风融会贯通结合而成的，你说汉服可以当民族服装，他说唐装可以，他说长衫旗袍可以，我说中山装也未必不可，甚至那些传承传统工艺的国潮都可以。每个人的认知都不一样，每个人的观点都不一样，没必要拘泥于形式，只要意识形态还在，只要是中华民族的，都可以。,2,0,2020-03-16 03:10:56,保密,,4,无
527,二级评论,你音太美,回复 @风在雨中央 :嗯嗯,0,0,2020-03-19 15:44:47,保密,,4,大会员
528,二级评论,节操君能吃吗,回复 @郑大钱啦 :民族无优劣，自己骄傲就好，莫要踩捧,0,0,2020-03-21 10:24:01,保密,,4,大会员
529,二级评论,瓜畲陽氏-自卑亭,回复 @钢铁之月1 :普通話的阿爾泰底層還沒有粵語的百越底層多呢,0,0,2020-03-21 22:55:28,保密,独览梅花扫腊雪，细睨山势舞流溪,4,无
530,二级评论,黑暗丶黎明,回复 @你音太美 :我想说你要是真的了解过日本你会发现极少极少部分日本人对华人有好感，极大部分是没有的，你看那些捐物资什么的全部都是华人做的并不是他们日本，你说他们有保留那些东西（和服什么的）都是中国的文化传过去的只是他们改进了一下（别和我说什么都多少多少年什么的，这是事实）然后中国为什么现在文化氛围不是非常浓烈因为我们是发展中国家，我们得靠自己才能一步步走向强大的，而不是向他们靠这个die以为自己很牛，其实啥也不是[笑],0,0,2020-03-22 16:17:23,男,佛系玩家，阴阳师资深萌新，王者菜鸡，追番坚持者，料理小王子,4,年度大会员
531,一级评论,虞生,"看到评论撕逼，就想到崔老师的一段话——“你所站立的那个地方，正是你的中国。你怎么样，中国便怎么样。你是什么，中国便是什么。你有光明，中国便不黑暗。” 
现在混迹b站的大多是学生，而以后我们祖国如何取决于你们。或许我们国家现在还有很多的不足，但有更多人为她的强盛而不懈努力着。生于斯，长于斯，爱于斯。不要抱怨别人如何，先看看自己。
我脚下的这片土地叫中国，我爱她，无论贫穷，无论富有，无论优劣。",6636,43,2015-03-07 10:13:47,保密,,5,大会员
532,二级评论,矢量操作LV6,回复 @大好き由乃:……我竟无言以对,0,0,2015-03-07 22:36:03,女,尘途忆往，忆往无尘   ——被新时代遗落的保守派死宅，最近好像变得抽象起来了,5,年度大会员
533,二级评论,兮疋,回复 @虞生:这不是习说的吗,0,0,2015-03-08 02:17:53,保密,,6,年度大会员
534,二级评论,酌酒推砚,回复 @梓铭 :哈哈，看到这样的言论简直想挂起来让大家都看看。捉到活的了诶！,5,0,2015-03-08 03:29:16,保密,,5,年度大会员
535,二级评论,ismsi,他有不足我可以说 但他们不可以,65,0,2019-04-08 10:55:00,保密,,4,无
536,二级评论,臭鱼1234,少年强则国强？,2,0,2019-05-14 22:58:49,男,,5,大会员
537,二级评论,樱川惠子,是一位学者说的，忘记叫什么了，但是不是崔，不是习,7,0,2019-06-03 22:04:03,保密,银魂永不完结,4,无
538,二级评论,带带阿森纳,不是崔说的,3,0,2019-07-01 16:45:35,保密,这个世界会好吗,5,无
539,二级评论,姓何名故,回复 @樱川惠子 :鲁迅？,2,0,2019-08-11 19:57:31,保密,"
   别上赶着找骂(˘͈ᵕ ˘͈❀)",4,年度大会员
540,二级评论,姓何名故,"回复 @樱川惠子 :如果你觉得你的祖国不好，你就去建设它，如果你觉得政府不好，你就去考公务员去做官，如果你觉得人民没素质，就从你开始做一个高素质的公民，如果你觉得同胞愚昧无知，就从你开始学习并改变身边的人，而不是一昧的谩骂，抱怨，逃离。
横眉冷对千夫指，俯首甘为孺子牛。“你所站立的地方，正是你的中国；你怎么样，中国便怎么样；你是什么，中国便是什么；你若光明，中国便不黑暗”，愿中国青年都摆脱冷气，只是向上走，不必听自暴自弃者流的话。能做事的做事，能发声的发声。有一分热，发一分光，就令萤火一般，也可以在黑暗里发一点光，不必等候炬火。

此后如竟没有炬火：我们便是唯一的光。",317,0,2019-08-11 19:59:02,保密,"
   别上赶着找骂(˘͈ᵕ ˘͈❀)",4,年度大会员
541,二级评论,姓何名故,回复 @樱川惠子 :这是改动过的。可以去看一下原文,3,0,2019-08-11 19:59:56,保密,"
   别上赶着找骂(˘͈ᵕ ˘͈❀)",4,年度大会员
542,二级评论,谙婕羽,我骄傲，生而为中国人,1,0,2019-10-01 17:44:19,女,未知全貌，不予置评,3,大会员
543,二级评论,fall浅枫,回复 @樱川惠子 :是崔卫平先生说的,3,0,2019-10-02 07:08:07,保密,活在当下,4,无
544,二级评论,忆归,容我出一下戏。教历史的老师都姓崔吗,0,0,2019-10-02 07:08:40,女,何以窥不破，何以辜负卿,2,无
545,二级评论,莫子琦,回复 @一直变胖怎么办 :挺你,1,0,2019-10-02 23:09:47,女,心仪少爷，嗯…【洛府子弟的小萌新～苏辞～】科科 8.24   少爷  8.12,3,无
546,二级评论,厨二病前线,"[2233娘_大笑][2233娘_大笑]
说个难听的话。
有些国内人不如早已经移民华人。
而有些中国人是中国人，但内心却是外国人。",49,0,2019-10-06 00:59:28,保密,双重人格.一黑一白,4,年度大会员
547,二级评论,aaahahah2018,我是西安建筑科技大学的一名大四学生，我们同学都很爱国的！别看平时嘴上老吐槽，真正关键时刻我就感受到了大家特别坚定的统一的爱国的感觉！(。・`ω´・),14,0,2019-10-26 00:39:06,保密,,3,无
548,二级评论,人间再无故里,崔老师，，，，，，让我想起了我班主任兼历史老师。。。太可怕了,4,0,2019-11-02 17:34:32,女,"自古长安归故里，总道故里有长安。
世人谓我恋长安，其实只恋长安某。
长安有故里，安和桥有你。",3,无
549,二级评论,景中的驯鹿,阴谋论:崔氏是一个大家族，每个人都立志当一名历史老师，等到崔姓的历史老师占到了历史老师中的十之八九，我们中华的历史就会被他们有预谋的改写，改教，最终..............................,7,0,2019-11-25 22:35:51,女,管他熙熙攘攘的阳关道，我偏要一条独木桥走到黑,2,无
550,二级评论,完美美男,我呸 ! 现在人人都厌恶中国,2,0,2019-12-13 17:05:21,男,,2,无
551,二级评论,随便创得账号,回复 @完美美男 :你不喜欢中国那你滚到外国去啊，中国不欢迎你这种人！(◦`~´◦),5,0,2019-12-25 23:17:29,男,恭喜你！发现萌新站友一名（๑ `▽´๑)۶,4,无
552,二级评论,玖天-寒冰,回复 @完美美男 :请不要把我加进去OK？[嫌弃]恶心，你这样想不代表别人这么想，你现在在哪里生活，你心里没的b数吗,9,0,2020-01-06 23:36:18,男,,3,大会员
553,二级评论,我永远喜欢Hetalia,回复 @完美美男 :钓鱼找骂 真的流批 笑死我了,2,0,2020-01-12 21:41:20,女,搬视频哒!授权在每条视频过审后会单独放在主页✨,4,无
554,二级评论,我永远喜欢Hetalia,回复 @独丶狐 :别搭理他 他搁这儿找骂呢 你越骂他他越高兴 话说他得生活得多辛苦才用这种方法找存在感啊[捂脸],4,0,2020-01-12 21:42:28,女,搬视频哒!授权在每条视频过审后会单独放在主页✨,4,无
555,二级评论,煞天独空,回复 @完美美男 :人人都厌恶中国，你是从哪里得到的这个思想，也真是流氓，中国强大到世界都需要重视厌恶只会出现在不求上进的废青身上吧或者敌对的国家，你算什么东西就可以说人人都厌恶中国,5,0,2020-01-27 00:18:10,保密,太难了，所以我要开心的度过每一天,4,无
556,二级评论,不声细语,回复 @完美美男 :滚出来不,0,0,2020-01-29 22:57:23,保密,自由美利坚，枪战每一天！！！！！！！！！！！！！！！！！！！！！！！！！！！！！！！！！！！！！！！！！！！！！！！,4,大会员
557,二级评论,不声细语,回复 @完美美男 :兄弟出来特喵的对线,0,0,2020-01-29 22:57:42,保密,自由美利坚，枪战每一天！！！！！！！！！！！！！！！！！！！！！！！！！！！！！！！！！！！！！！！！！！！！！！！,4,大会员
558,二级评论,不声细语,回复 @完美美男 :滚啊,0,0,2020-01-29 22:58:50,保密,自由美利坚，枪战每一天！！！！！！！！！！！！！！！！！！！！！！！！！！！！！！！！！！！！！！！！！！！！！！！,4,大会员
559,二级评论,bili_84595287769,回复 @完美美男 :缺母爱,0,0,2020-01-29 22:59:15,保密,,2,无
560,二级评论,电话-迫真,回复 @完美美男 :去美国吧，那里适合你,0,0,2020-01-29 22:59:20,女,,4,大会员
561,二级评论,bili_84595287769,回复 @完美美男 :你还真把自己当人看了？,0,0,2020-01-29 22:59:39,保密,,2,无
562,二级评论,电话-迫真,回复 @完美美男 :这不是找骂是什么？,0,0,2020-01-29 22:59:43,女,,4,大会员
563,二级评论,bili_167331946,爱着我的祖国!中国万岁![爱心],1,0,2020-02-17 11:03:45,男,爱我中华！愿用一生一世去建设美丽的祖国！愿用血肉之躯来守卫咱妈！,5,无
564,二级评论,进击的二狗zi,回复 @完美美男 :@完美美男 你爱说什么就说什么  但是你能不能别随便代表别人  什么人人都  你是谁？  既然不喜欢我们中国  你有能力就赶快转国籍  就怕没有哦  每天活的很压抑  就说国家不好  哎！！  说白了就是能力不够  还有少刷存在感,3,0,2020-02-18 19:11:49,保密,,3,无
565,二级评论,67382420990_bili,回复 @完美美男 :你。。。我呸,1,0,2020-03-05 15:47:11,保密,,2,无
566,二级评论,bili_90130274869,回复 @一直变胖怎么办 :很喜欢这段话[支持],0,0,2020-03-07 10:52:52,保密,,3,无
567,二级评论,bili_90130274869,非常喜欢这段话。[支持],0,0,2020-03-07 10:53:46,保密,,3,无
568,二级评论,昨夜星辰大风台,回复 @樱川惠子 :卢新平,0,0,2020-03-08 10:31:25,保密,,2,无
569,二级评论,yuayuaaa,流氓逻辑啊,0,0,2020-03-12 17:02:34,保密,,4,无
570,二级评论,温顺柔软,流氓逻辑，如果你觉得你家冰箱不好，那你就去当冰箱？,0,0,2020-03-15 01:49:58,女,爱吃面,3,无
571,二级评论,星星不闪咩,回复 @温顺柔软 :你把国家当做冰箱才叫流氓逻辑吧哈哈，冰箱不制冷了你也就灭种了好吧，你家冰箱不制冷了那你是换一台还是修一修继续用呢？,4,0,2020-03-21 17:18:16,女,,4,无
572,二级评论,53812907439_bili,回复 @完美美男 :人人都厌恶你妈,1,0,2020-03-22 15:38:47,男,,2,无
573,二级评论,53812907439_bili,回复 @温顺柔软 :首先，国家不是光为你服务的，是所有人共同努力然后享受成果,1,0,2020-03-22 15:41:13,男,,2,无
574,二级评论,不管事的小咸鱼,回复 @完美美男 :抱歉，那只是你厌恶中国。别把我也算进去，我爱我的祖国。,1,0,2020-03-25 10:57:31,男,人生如戏,5,年度大会员
575,二级评论,阿莱c莉对瓶吹,回复 @万俟笙- :主席还真加过国民党，不过412反革命和蒋 介 石决裂了，另外他在北大图书馆干过，gmd还欠他6个月工资。,1,0,2020-03-30 03:45:34,保密,,4,大会员
576,二级评论,最美也许是曾经,回复 @完美美男 :滚！,1,0,2020-03-30 20:39:14,保密,行到水穷处，坐看云起时,2,无
577,二级评论,迷之感逗,如果你觉得大清不好，你就去建设它，如果你觉得朝廷不好，你就去科举去做官，如果你觉得人民没素质，就从你开始做一个高素质的公民，如果你觉得同胞愚昧无知，就从你开始学习并改变身边的人，而不是一昧的谩骂，抱怨，逃离。,0,0,2020-04-01 07:02:43,男,是我DIO哒！,6,年度大会员
578,二级评论,正义的老混混,回复 @完美美男 :没有啊，我认识的人最多是指出中国的缺点，没有你说的这种人人都讨厌的情况，请问您问过人人？还是您认识人人这个白磊？,1,0,2020-04-02 15:00:41,男,啥也没有 (&gt;^ω^&lt;),4,大会员
579,一级评论,般罗若,愿我有生之年，看到网络实名制那天(｀・ω・´),7279,117,2015-03-06 21:40:41,保密,,5,年度大会员
580,二级评论,Tiramishu,(｀・ω・´)同,31,0,2015-03-09 06:29:01,男,Ծ‸Ծ关注需谨慎,5,年度大会员
581,二级评论,陈躺农,不知道为什么看到对键盘家满满的恶意2333333,365,0,2015-03-09 19:30:09,女,哔哔哔哔哔,5,大会员
582,二级评论,纳兹阿布鲁,回复 @狸是黎明的李:就应该搞死他们，说话都不负责的嘛？,185,0,2015-03-14 07:45:40,保密,天若有情天亦老，四六六二出雾岛,5,无
583,二级评论,儿茶酚乙胺,到时候gz,26,0,2015-03-22 00:18:57,保密,yooooooo！,5,大会员
584,二级评论,儿茶酚乙胺,们可要大呼言论自由的问题了233,71,0,2015-03-22 00:19:38,保密,yooooooo！,5,大会员
585,二级评论,昵称已存爱,(｀・ω・´),3,0,2015-03-25 06:18:47,保密,三栖动物,2,无
586,二级评论,蓝流,我也愿意，本来网络虚拟才好玩，结果有些人说话毫不负责,359,0,2015-06-25 17:04:02,女,有酒有诗有故事，微雨旧巷念故人。,4,大会员
587,二级评论,布露多拉贡,+10086,3,0,2015-07-03 09:18:05,保密,我自己,5,年度大会员
588,二级评论,雪花淅沥沥,回复 @大西洋海神:同感233333,1,0,2015-07-09 15:36:06,女,痛苦使我们成长,6,年度大会员
589,二级评论,糖门豆豆,看到对学生党满满的恶意(;¬_¬)，虽然我很讨厌网络暴力网络撕逼但是如果实名制爸爸妈妈肯定不会让我上网了Σ( ￣□￣||) 说是不能暴露隐私（/TДT)/,113,0,2015-10-23 23:54:39,女,混圈之多属性之杂超出你的想象,5,年度大会员
590,二级评论,胭脂妃色,"你这是不民主啊！大键盘家:吃我药丸！
hhhhhhhh期待那天",20,0,2015-12-13 13:47:31,保密,我只是一盒普通的胭脂。,5,无
591,二级评论,木の世界,同求(｀・ω・´),1,0,2016-04-10 14:50:09,男,十年等待，等不回一句你好。,5,年度大会员
592,二级评论,传说中的本子,我本来也反对这样，直到被汉奸激怒,52,0,2016-07-04 20:09:22,保密,这个人不懒，然而他不屑于留下什么,2,无
593,二级评论,瞬间迷情,同(๑•̀ㅂ•́)و✧,2,0,2016-08-04 17:26:15,女,,5,年度大会员
594,二级评论,七海之玉,也方便管理，网络犯罪也好治，相关法律也得完善。真的很期待那一天,36,0,2016-08-21 02:23:53,保密,,5,年度大会员
595,二级评论,裤袜脱落大尉m2,五毛狂喜乱舞,7,0,2016-08-28 18:25:52,保密,,5,年度大会员
596,二级评论,第三只玄米-向日葵,说实话之前也支持实名制，但有个人给我举了某国实名制的坏处，真的，实名制还是算了吧,22,0,2017-03-20 09:13:03,女,"
秦时升明月，天行颂九歌
武庚逆天起，天谕航帆行
斗罗起风云，朱颜震九州
",5,大会员
597,二级评论,第三只玄米-向日葵,不是实名制最多网络暴力，要是真的实名制，发展到现实，就不止是喷了,32,0,2017-03-20 09:13:46,女,"
秦时升明月，天行颂九歌
武庚逆天起，天谕航帆行
斗罗起风云，朱颜震九州
",5,大会员
598,二级评论,账号已注销5571,"好早的评论啊，网络是不会实名制的，如果实名制指的是实名才许可上网，现在已经算是了，如果是账户什么的都实名，个人隐私暴露的会更快，而因为执法成本问题，网络暴力和诈骗也不会得到改善，而且人们会为了保护个人隐私去管理网络实名的部门行贿，造成新的贪腐现象。
有很多的犯罪没有被侦破是因为执法成本和技术问题，而不是法律不严。",60,0,2017-08-01 22:49:28,保密,,5,大会员
599,二级评论,我是画未,2017年9月要实名制啦(=・ω・=),0,0,2017-09-10 13:04:43,保密,,5,无
600,二级评论,html恩,我想说，你已经快看到实名制了。,2,0,2018-02-05 10:54:59,保密,吃鸡困难户,3,无
601,二级评论,污皇_,兄弟你等到了（￣▽￣）,5,0,2018-07-22 21:58:28,保密,随缘更新,5,大会员
602,二级评论,诗蓠,实名制……参照《1984》吧……只能说每种制度演变到极端都会变得非常差劲了……,20,0,2018-12-01 12:46:50,保密,我到了淤泥深处……捡到了一颗星星。,4,年度大会员
603,二级评论,老老实实上六级,你看到了,0,0,2018-12-01 18:51:32,男,六级冲冲冲,5,大会员
604,二级评论,账号已注销23240,就该搞死键盘侠,2,0,2018-12-04 22:22:47,男,,5,大会员
605,二级评论,账号注销9404533,其实网络本来就是实名制的，只是你不知道罢了，但是警察知道啊，你在网上说了啥，他们知道的一清二楚→_→,17,0,2018-12-13 15:50:56,保密,,0,无
606,二级评论,青梅老道长,你看到了！,0,0,2018-12-21 01:15:24,男,自视清高者总是以历史俯视者的姿态发出怒吼般的批评，即使事实摆在眼前，也能寻找出所谓“真实”的事例。,5,大会员
607,二级评论,台陇罗玛,我也想实名制，其他的我都能接受，但他们一直喷国还装作你不懂的样子真受不了，况且，中国人网民10多亿，不实名根本不能团结抵制有问题的明星，和辱华企业什么的，骗钱的也很多，大多只能靠老妈出手制止，而我们却像越来越叛逆的孩子，还责怪她出手，责怪她竟然不问我们的一件。还有就是自己对中国人越来越不信任了，除了上班一条线，基本已经有半年没有去逛过街，我相信有很多好人，但我不相信我能遇见，一想到网络上的人在现实中存在就觉得好恐怖。,11,0,2018-12-23 01:29:27,保密,作为一名中国人，见到一切以嘲讽语气喷中国的，精美日韩，跪舔外国的评论我都会顺手举报哦~,5,无
608,二级评论,CraftHolo,实名啦！,0,0,2018-12-30 13:21:30,男,一天不吸猫浑身难受,5,年度大会员
609,二级评论,说的是什么话,回复 @糖门豆豆 :如果科技法律提供保障 成为遍地常态 怎么可能不让,0,0,2019-01-03 00:06:54,保密,,5,大会员
610,二级评论,bili_386750752,回复 @纳兹阿布鲁 :不错，自嘲完美,3,0,2019-01-06 11:04:46,保密,,3,无
611,二级评论,是雨不是宇-,实现啦,0,0,2019-01-15 18:55:06,保密,李健相关视频的搬运者╮(╯▽╰)╭,4,无
612,二级评论,震惊的网友,泪目,0,0,2019-02-03 18:08:27,保密,,5,无
613,二级评论,bawn珊瑚绒,实现了,0,0,2019-02-05 13:51:15,女,夜深忽梦少年事，唯梦闲人不梦君,4,大会员
614,二级评论,刘雨航123,回复 @裤袜脱落大尉m2 :真的5毛一个不会在意吧,0,0,2019-02-07 02:10:54,男,,3,无
615,二级评论,恩斯特伯莱姆,同志 网实了(｀・ω・´),2,0,2019-03-03 15:44:04,男,懒死,4,无
616,二级评论,御玖1999,实现了，四年前的愿望啊,1,0,2019-03-14 02:10:19,保密,(๑• . •๑),5,大会员
617,二级评论,骑着猪打坏人,+1 希望到时他们别怂,0,0,2019-03-28 20:17:49,保密,一个很接地气的UP 啥视频都发的UP。,5,年度大会员
618,二级评论,高攻0防的西片太太,，，，，，，大佬牛逼，现在实名制了,3,0,2019-03-30 22:17:15,保密,没有2次元的世界！不是好世界！,5,大会员
619,二级评论,QQ开森,回复 @纳兹阿布鲁 :来，键盘⌨侠搞死我,2,0,2019-04-01 14:50:47,保密,pxjmymm,3,无
620,二级评论,奇迹星惘,来了,0,0,2019-04-06 18:09:53,男,,5,大会员
621,二级评论,这只兔子懂民心,亲，快啦,0,0,2019-04-07 18:11:42,保密,,4,大会员
622,二级评论,一拳一个嘤嘤怪TAT,快啦，马上就来辣,0,0,2019-04-10 19:57:54,保密,,3,无
623,二级评论,柒伵NAyoo,恭喜恭喜[那兔_痴呆],1,0,2019-04-15 01:51:54,保密,为了恰饭，努力学习！！,4,年度大会员
624,二级评论,哈hiahiahiahia,不，我只希望在不是中国人的有一个标志,0,0,2019-04-15 23:47:13,保密,"御剑乘风来，除魔天地间
有酒乐逍遥，无酒我亦颠
一饮尽江河，再饮吞日月
千杯醉不倒，唯我酒剑仙",5,大会员
625,二级评论,客家涛小弟,最终是会走向实名制的，只是中国网民数量太多，情况复杂，在没有做好完善保护网名个人信息的权益前，还不是好时机。相信前途是光明的。,2,0,2019-05-05 03:33:41,男,战地游戏爱好者一名。,5,无
626,二级评论,寄意晗星,兄弟！你快等到了！,0,0,2019-05-09 10:47:52,保密,,4,大会员
627,二级评论,匸匚lz,2019.5.11一起期待,0,0,2019-05-11 17:54:05,男,我爱B站,4,无
628,二级评论,野原甜甜圈,已经实名了呀,1,0,2019-05-17 13:30:51,保密,,5,无
629,二级评论,F=IBL,看到这评论突然想起高中时要求升学注册使用的网站，实名制的，没有留言没有人说话[2233娘_卖萌]真无言以对[滑稽],2,0,2019-05-24 18:57:54,保密,(ﾟДﾟ)(ﾟДﾟ)(ﾟДﾟ)(ﾟДﾟ)(ﾟДﾟ)(ﾟДﾟ)(ﾟДﾟ)(ﾟДﾟ)(ﾟДﾟ)(ﾟДﾟ)(ﾟДﾟ)(ﾟДﾟ),6,年度大会员
630,二级评论,安安不安静,你已经活到了,0,0,2019-06-01 03:03:08,保密,,5,大会员
631,二级评论,洛水CCCP,久等了,0,0,2019-06-02 20:51:56,保密,后来有一天，能再见面，不知是何年                              ,5,大会员
632,二级评论,hekloi,实了,0,0,2019-06-04 01:38:17,女,人若变记忆便迷人,4,无
633,二级评论,该用户太懒-,2019年6月4号首页过来的。,0,0,2019-06-04 10:34:23,保密,,4,年度大会员
634,二级评论,MidStoneYe,已经实名制了,0,0,2019-06-10 19:40:12,保密,,5,无
635,二级评论,我是阿信呀,期待网络实名制，现在网络乌烟瘴气的,0,0,2019-06-16 14:12:51,男,一个热爱游戏的人,4,无
636,二级评论,我是阿信呀,回复 @我是画未 :然而并没有，所谓的实名制是不管哪个平台注册账号必须要身份证这样子的，发弹幕评论也必须身份证。这才叫实名制，不然有些人什么话都敢讲，讲完还不用负责任！,2,0,2019-06-16 14:14:24,男,一个热爱游戏的人,4,无
637,二级评论,路哈哈哈哈哈,在？看实名,0,0,2019-06-19 13:24:45,男,这个懒死了，完。,4,大会员
638,二级评论,仙后座阿尔法,现在账号都绑定身份证，已经算实名了。,0,0,2019-06-29 11:17:22,保密,,4,年度大会员
639,二级评论,_StackOverflow,回复 @我是信呀 :都至少绑定手机号，手机号就是实名，所以理论上已经实名了,3,0,2019-07-01 10:18:45,男,僕は夢がある、あなたは？,5,大会员
640,二级评论,晓-轮回,回复 @儿茶酚乙胺 :言论自由不能过度哦，任何权限都没有被滥用的允许,1,0,2019-07-01 16:34:30,男,算了，不要5G了,5,大会员
641,二级评论,式姐才是真爱,回复 @陈躺农 :那就太棒了233333,0,0,2019-07-01 19:18:20,保密,,5,无
642,二级评论,致已然诀别的深爱的你,+1,0,0,2019-07-01 20:57:03,女,我总忍不住回头看，但我不会再往回走。来时的路满是你的身影，尽头却已经没有你。我不会很快去找你，等我满头华发，风烛残年，请来接我啊。,3,无
643,二级评论,格伦-古尔德,准了,0,0,2019-07-14 06:24:52,保密,这个人其实不懒，但没什么想说的。,4,年度大会员
644,二级评论,Longly丶scholar,现在全网实名，你的愿望达到了,0,0,2019-07-14 07:27:21,保密,惟愿今生不负此身之念,4,年度大会员
645,二级评论,造化鍾神秀,回复 @糖门豆豆 :你不玩腾讯网易游戏的吗？需要身份证号呦！,1,0,2019-07-14 10:24:50,保密,"推特:@9qsP9fv3J94QPOn ins:komalee0926
闺女推特:@LMY74190586",4,无
646,二级评论,可怜的卑微五级号,回复 @账号已注销5571 :哈哈哈哈哈哈,0,0,2019-07-15 00:46:24,男, ⓘ该大爷封禁中,5,无
647,二级评论,搁淺者,( ´_ゝ｀),0,0,2019-07-16 20:48:09,保密,赋予生命意义,5,年度大会员
648,二级评论,般罗若,（￣▽￣）/我真的看到了，回想一下当年这番下面撕得多激烈，四年过得真快啊。,0,0,2019-07-18 14:24:25,保密,,5,年度大会员
649,二级评论,伊谢尔伦markVIII,全网实名制导致帝吧出征被一瞬出户籍，笑死我了,1,0,2019-08-02 17:06:09,保密,迫真左翼,3,大会员
650,二级评论,狼小离,回复 @我是画未 :穿越时空来到了2019年七夕佳节，实名制还没有实现,0,0,2019-08-06 09:44:58,保密,对地域黑敏感，且从来没有说错过，2020望湾湾早日回归~,4,无
651,二级评论,龙舌男姑娘,天不生我键盘侠，万古喷道如长夜，键来,1,0,2019-08-07 21:28:13,保密,,4,大会员
652,二级评论,寒鸦北飞,实现了,0,0,2019-08-18 23:45:48,保密,常思己过，别犯傻,5,无
653,二级评论,有想法的小朋友,我19年来的，实名制了(〜￣▽￣)〜,0,0,2019-08-20 15:36:13,保密,,2,大会员
654,二级评论,斯基夫斯基,实名制了，现在干啥都得输个身份证号。,0,0,2019-08-20 16:59:21,女,_(:з」∠)_,5,年度大会员
655,二级评论,幻露灬,最好是对国家实名，对彼此还是匿名,3,0,2019-08-20 19:16:16,女,我站sf的最大原因是因为GE审判战，你敢信？QWQ,5,大会员
656,二级评论,简-拉基茨德,不可能,0,0,2019-08-25 11:18:33,保密,这个人没死但他什么都没写,5,年度大会员
657,二级评论,妖妹紙,我都想做那种要实名制的APP了[尴尬],0,0,2019-09-03 18:30:36,保密,苍天啊！赐我一个海军小哥哥吧～公然求亲。,4,无
658,二级评论,发霉的千语,什预言,0,0,2019-09-07 12:00:06,男,新头像是收养的流浪猫 小鱼 和太阳一起 突然想弄个群…欢迎加入今天不玩游戏，群聊号码：935881843 也可以加我qq 726918857,5,年度大会员
659,二级评论,Z诡探,回复 @恋樱族 :可是你的实名呢？（￣▽￣）,0,0,2019-09-08 00:31:23,男,我无权审判他，就像你们无权审判我,5,大会员
660,二级评论,刈氷菌,wdm啊原来你就是预言代师？？？,0,0,2019-09-12 23:55:47,保密,影赢影,5,无
661,二级评论,正正圆圆叉叉,回复 @骑着猪打坏人 :@Tiramishu  你对香港那边有啥见解,0,0,2019-09-16 16:06:37,保密,,4,年度大会员
662,二级评论,正正圆圆叉叉,回复 @客家涛小弟 :想反 啥用没有,0,0,2019-09-16 16:08:12,保密,,4,年度大会员
663,二级评论,正正圆圆叉叉,回复 @晓-轮回 :慢慢来吧 看看  世界是有神论还是无神论  为主,0,0,2019-09-16 16:10:13,保密,,4,年度大会员
664,二级评论,马小跳他爸马老跌儿,那样你如果说了和其他大部分人不一样的建议，大家不乐意了会曝光你的信息还会网暴，天也会出问题的。这玩意只能靠人自觉了[呆]哎，越想越麻烦，当领导人也太不容易了,0,0,2019-09-17 11:38:11,女,讨厌b站像微博一样，粉丝撕逼请放过b站,4,无
665,二级评论,坑b日常,可是这样会侵犯人的隐私权，名字会随便泄露那还有啥隐私呢，如果连发个评论都要实名，人权的概念都得改变,0,0,2019-09-19 00:01:16,男,这个人很懒，啥都不写，啥都写不出来,4,大会员
666,二级评论,谈古论今者,支持,0,0,2019-09-30 12:59:46,女,开口脆！,5,年度大会员
667,二级评论,bili_89151144634,你看到了,1,0,2019-09-30 23:44:59,保密,,3,大会员
668,二级评论,纵剑直上九万里,现在网络发文章是要实名的 总之在慢慢改变了 挺好,0,0,2019-10-02 07:21:25,保密,书者，述也，以载道，以寄情，以明志，以解惑！,5,年度大会员
669,二级评论,白藏主97,可是这样有些东西永远都不会曝光[笑哭][笑哭][笑哭],0,0,2019-10-03 09:53:45,保密,,3,无
670,二级评论,Lysia大魔王,赞同🇨🇳,0,0,2019-10-04 11:39:41,女,我们的征途是星辰大海????????,5,无
671,二级评论,KookooVante,我哭了 你萌呢,0,0,2019-10-05 18:13:59,女,,4,无
672,二级评论,英雄不问出处流氓不,现在有了。,1,0,2019-10-05 19:20:59,男,哈哈哈哈哈哈哈哈哈,3,大会员
673,二级评论,浮生九殇,是啊，这一切都做到了呢٩(●´৺`●)૭٩(●´৺`●)و,0,0,2019-10-07 19:52:59,保密,,4,无
674,二级评论,6个大硬币没了,同名怎么办啊[大哭],0,0,2019-10-12 17:54:06,女,爷就是雪花，爱勇闯天涯，去宁马的太阳，就宁还太阳，宁难道不是个无脑洗地粉，还太阳，xswl,3,无
675,二级评论,1984707773,现在其实也是实名制[无语],0,0,2019-10-23 09:59:55,男,,3,大会员
676,二级评论,宇智波-一打七,回复 @我是画未 :然而并没有,0,0,2019-11-19 01:36:09,女,⊙该账号已被封禁,4,年度大会员
677,二级评论,爷该吃饭咯,回复 @罗里-八梭夫 :你等到了,0,0,2019-12-14 13:58:30,保密,喜欢一个人,3,无
678,二级评论,青树的雀,如你所愿。,0,0,2020-01-06 22:33:29,女,引灵之路，哀音不绝。,4,无
679,二级评论,告诉我你是谁啊,你看到了,0,0,2020-01-08 19:11:51,男,,2,无
680,二级评论,KlaSaUiC,回复 @诗蓠 :新阶级,0,0,2020-01-12 16:04:31,保密,,5,大会员
681,二级评论,孤城少年终归来,[tv_斜眼笑],0,0,2020-01-13 22:09:13,保密,,3,无
682,二级评论,焱无君,回复 @告诉我你是谁啊 :20年来考古，没错实名制了,0,0,2020-01-14 17:01:38,保密,画渣实锤了～只混画世界和b站还有触漫，其他地方找不到我的.希望有朝一日能拿银电视！,3,无
683,二级评论,Duang时光,这盛世，如你所愿[doge],0,0,2020-01-17 15:18:31,保密,这个人勤快死了，竟然写了16个字,4,大会员
684,二级评论,KIA_星落,有虚拟区和实名区比较好.. 当然虚拟区也要遵守互联网公约,0,0,2020-02-13 01:57:07,男,"你可以touch到我的shell, 但是touch不到我的kernel.",5,年度大会员
685,二级评论,真风靡一时,来2020年，已实名制了,0,0,2020-02-14 23:52:26,男,,2,无
686,二级评论,From_北方的AOLO,还是不要实名制了 有时候偷偷用小号点赞评论转发一些平时生活里不敢看的东西 这要是实名制我就全都暴露了呀 我哭😭,1,0,2020-02-21 13:38:28,女,我就是个吃瓜的！,4,无
687,二级评论,兴趣使然的勇者,6666赞👍,0,0,2020-02-25 20:52:27,男,,4,无
688,二级评论,清言君,来了来了,0,0,2020-02-26 21:08:08,女,我不要撞昵称啊哼！,5,大会员
689,二级评论,我妻先生,hhhhhhhh实名制来了hhhhh,0,0,2020-03-03 11:02:09,保密,沙雕使我快乐，请忽视我的直男审美。,5,无
690,二级评论,Amelisfier,网络实名制没有，实名举报反而被人滥用了,0,0,2020-03-04 16:59:41,保密,Freedom America gunshot everday,4,年度大会员
691,二级评论,兰兰091,"恭喜你，现在实名制了
                                         ——2020的观影者",0,0,2020-03-15 21:26:10,保密,,2,无
692,二级评论,小初行,现在。。。,0,0,2020-03-17 11:25:03,保密,介里小初行～一个正值青春期的少女，有游戏天赋，会编简谱编词做剪辑，没脾气哒,3,无
693,二级评论,轩辕love我的世界,留名,1,0,2020-03-27 10:51:39,男,我是三年的我的世界玩家，肥肠喜欢玩mc哟(*^ω^*)。,4,大会员
694,二级评论,若临琤,恭喜你现在实名制了，网络非法外之地。,0,0,2020-03-30 11:12:29,保密,这个人是个沙雕哦 ◝(●˙꒳˙●)◜,3,大会员
695,二级评论,圊脃等烟雨,现在有了，可是依旧有很多键盘侠,0,0,2020-04-02 00:36:08,女,等三月莺时 云岫成诗 晕染故事,2,无
696,二级评论,正义的老混混,回复 @糖门豆豆 :不是对学生党的恶意，是由于学生容易被网络上的某些信息煽动而发出某些不负责任的话，这是由于身为学生的他们考虑不够全造成的。,0,0,2020-04-02 15:04:06,男,啥也没有 (&gt;^ω^&lt;),4,大会员
697,二级评论,bili_50744181891,键盘侠有好有坏,0,0,2020-04-04 00:33:25,保密,,3,无
698,一级评论,passwordkg,美国拍美国队长和狂怒，日本拍舰娘的时候那群人都在那里说这是娱乐没必要较真，当中国有人拍兔子的时候就跳出来一副很理性的样子说这样的宣传对年轻人没有好处，这是民族主义。真是精神分裂,2221,20,2015-03-07 12:58:57,保密,前某不知名的资源组的不知名搬运工,5,年度大会员
699,二级评论,流程如,此所谓双重标准,59,0,2015-03-07 12:59:12,保密,普通宅男一枚委曲求全去天桥区,6,年度大会员
700,二级评论,19192012,回复 @流程如 :本来这个评论是赞同数最高的，不知怎么给删了,7,0,2015-03-07 13:00:41,保密,,6,年度大会员
701,二级评论,九月_stars,毕竟逆向民族主义么。,11,0,2015-03-07 13:01:08,男,,5,年度大会员
702,二级评论,枯葉色,"回复 @19192012 :高赞同的被炸了5页都不只了。

【想起那句永远不要和XX争辩，他会把你的智商降低到和他同一水准然后用丰富的经验击败你。

先炸了有质量的东西，然后再用口水和谩骂战胜别人是这一战术的另一种体现(･∀･)】",39,0,2015-03-07 13:03:35,男,,4,无
703,二级评论,你看这个彬彬真是逊啦,回复 @19192012 :天呐？删评论？,0,0,2015-03-07 13:06:11,男,,5,大会员
704,二级评论,超嗜血芙兰,回复 @枯葉色 :连XX都争辩不过，莫非你的智商很高？,0,0,2015-03-07 13:09:18,保密,,2,无
705,二级评论,枯葉色,回复 @超嗜血芙兰 :你给自己对号入座呢么= w =这么激动难道你是XX？(°∀°),4,0,2015-03-07 13:10:45,男,,4,无
706,二级评论,evilfall,这是别人看你一本正经的扯淡，和你一本正经的说实话区别。,1,0,2015-03-07 22:07:21,保密,,5,大会员
707,二级评论,SCP-O5-CN-12,双重标准玩的飞起，又不是没见过(^・ω・^ ),6,0,2019-06-25 21:52:40,男,若收容物再次复苏，scp基金会将拼尽一切,4,大会员
708,二级评论,phmjmk,玩儿双重标准最溜是谁，后面脑补,10,0,2019-06-29 13:53:34,男,,4,无
709,二级评论,时间观测者焰,这就是搞笑,0,0,2019-10-01 18:54:33,男,,5,大会员
710,二级评论,时间观测者焰,没事双重标准,0,0,2019-10-01 18:54:47,男,,5,大会员
711,二级评论,樱井晔,回复 @枯葉色 :你点进首页看他的签名就懂了[吃瓜],0,0,2019-11-06 03:26:28,女,墙头很多的破罐子型网友/活着请正确使用大脑/善用拉黑功能,5,大会员
712,二级评论,下嘴轻点,我反正不喜欢美国漫威宇宙,0,0,2020-01-19 13:05:42,保密,喵内喵内！,4,大会员
713,二级评论,元治233,"我看美漫，也玩舰c，我同样认同那兔这部动画
楼主的评论意外的有点伤人qwq。。",0,0,2020-01-21 21:12:18,保密,低温燃烧,5,无
714,二级评论,78647121409_bili,回复 @元治233 :他说别人呢,0,0,2020-02-21 15:37:20,保密,,4,无
715,二级评论,bili_90130274869,我觉的对年轻人很好啊，以动画的方式介绍历史，起码能激发更多人学习历史的兴趣，进一步深入了解历史，敬畏历史。培养爱国主义，弘扬民族精神。哪里不好？有些人的脑回路真是让人费解。,3,0,2020-03-07 09:59:22,保密,,3,无
716,二级评论,bili_90130274869,前面的热评没看见几个，但往后一翻，发现了很多你说的这种人，这种人真可悲！[无语],0,0,2020-03-07 10:36:26,保密,,3,无
717,二级评论,一野孩子,为什么中国就不能有战狼？,2,0,2020-03-22 14:59:55,保密,,4,年度大会员
718,二级评论,绝望之圣灵,回复 @元治233 :能玩舰C的都是大佬,0,0,2020-03-23 01:05:19,保密,,4,无
719,二级评论,64436781233_bili,回复 @一野孩子 :因为我们中国有间谍，世界不太平,0,0,2020-03-31 19:19:00,保密,,3,无
720,二级评论,是尤尤啊,唔，现在是2020出现了一种新词来形容这群崽种——双标,0,0,2020-04-01 15:32:02,保密,,3,无
721,一级评论,伦敦之鹰,为啥一些包含意识形态的日漫就可以被接受为“只是个动漫而已”，“二次元和三次元不同”，“我只是喜欢动漫的人物罢了”，这样的言论，而对于同样一部国漫，某些人就灌制以洗脑，历史要严谨，骗人等等内容。请问这样的双重标准到底是什么意思,1786,23,2015-03-06 21:09:47,保密,,5,大会员
722,二级评论,how有意思,233好评,9,0,2015-03-06 21:10:14,男,请学会带脑子思考问题，送霍斯不可取,6,年度大会员
723,二级评论,soranihx,同意！字数补丁,9,0,2015-03-06 21:12:18,保密,,6,年度大会员
724,二级评论,最是人间不胜雪,是啊  双重标准玩的飞起~(〜￣△￣)〜,51,0,2015-03-06 21:16:50,保密,终极腐~,5,年度大会员
725,二级评论,茶树菇还是金针菇,回复 @洛林的鹰:双标简直好评233333,8,0,2015-03-07 09:03:01,女,⑨,6,大会员
726,二级评论,东君の猫,回复 @洛林的鹰:赞一个(/≧▽≦/),4,0,2015-03-07 12:04:54,男,民不畏死，奈何以死惧之,5,大会员
727,二级评论,ddlony,（￣▽￣）因为双标狗到处都有,36,0,2015-03-07 12:20:47,保密,,6,年度大会员
728,二级评论,克里斯呆娜,同意呢~~赞一个~,3,0,2015-03-07 13:14:34,女,,5,无
729,二级评论,荡剑回舟,好评！赞一个,2,0,2015-03-07 13:31:50,男,我们的征途是星辰大海,5,年度大会员
730,二级评论,Reisen03,\(≧▽≦)/顶一个,1,0,2015-03-07 15:16:36,保密,,5,年度大会员
731,二级评论,Senzvo,要不然怎么有日漫痴这个词？,38,0,2015-03-07 15:26:39,保密,,5,无
732,二级评论,thoblack,赞一个，双标什么的~,1,0,2015-03-07 15:35:37,女,无趣,5,大会员
733,二级评论,地平线depth,大概可能是因为那兔偏历史向吧，不过双标确实也有,3,0,2016-08-29 17:48:49,保密,Nil,5,年度大会员
734,二级评论,SCP-O5-CN-12,是啊  双重标准玩的飞起~(〜￣△￣)〜,1,0,2019-06-25 21:52:00,男,若收容物再次复苏，scp基金会将拼尽一切,4,大会员
735,二级评论,genius_hangar,中外双标狗在各个场合都有[嫌弃],4,0,2019-08-21 23:13:53,男,这个人不神秘，就是什么都不写と（òへ ó  ）っ,4,大会员
736,二级评论,无敌战神yy,那是典型的双标狗，日漫痴。他们心里只有日漫，没有原则。,7,0,2019-08-29 23:41:32,男,,2,无
737,二级评论,战忽局中原分局实习生,把2000年的历史缩短成200年（公元1年--公元2000年），再把各个文明比做店铺，中国在一开始就拥有大量客源和优质商品，而其他店铺商品质量差，几乎破产，偶尔有一两个商铺大赚也会因为各种原因破产（如罗马帝国），在前180年中所有店铺都眼红中国，而最后的二十年，由于没有跟上时代发展，再加上其它店铺的联合打击，，中国只能把资产抵押给其他店铺，才能避免破产，而经过10年的发展，中国有了重新崛起的势头，这个时候，你觉得其他的店铺会怎么做？是摸黑还是称赞？这样看，你就不会觉得外国对我们的双标有什么奇怪的。,2,0,2019-09-27 13:29:03,保密,,3,大会员
738,二级评论,时间观测者焰,这种双标狗就是有趣，遇到一个举报一个,2,0,2019-10-01 18:54:02,男,,5,大会员
739,二级评论,禾火月孝叁,他们都是米国派来的卧底[doge],0,0,2020-01-04 22:14:42,保密,懂的都懂,4,大会员
740,二级评论,禾火月孝叁,老家特技，不必深究[抠鼻],0,0,2020-01-04 22:15:26,保密,懂的都懂,4,大会员
741,二级评论,l新洸,回复 @Senzvo :那叫精日，我的抖M学院事件真的是刷新我的下限[吐],2,0,2020-02-16 19:49:47,男,,5,年度大会员
742,二级评论,bili_90130274869,前面的热评没看见几个，但往后一翻，发现了很多你说的这种人，而且特别多，还有说这个恶心的，我简直了，这种人真可悲！[无语],1,0,2020-03-07 10:37:38,保密,,3,无
743,二级评论,滴滴迪250,不是所有会用中文打字的都是中国人,0,0,2020-03-13 22:32:26,保密,,3,无
744,二级评论,风光火彩,那些人偏向亲日分子，个人意见,0,0,2020-03-26 19:52:31,保密,,3,大会员
745,一级评论,Keynes君,"有生之年能看到这部作品动画化真是太意外了~
虽然比起当年那个追看漫画的高中生，自己已经逐渐有了不同的zhengzhi立场，但硬币还是要砸的。
这是一部挺有情怀的作品，即便情怀这个词在如今这个时代已经被用烂了，也喜欢里面夹带的一些干货，当然还喜欢那些黑话。对这部作品，或左或右的家伙自然能挑出或左或右的毛病，但是史家之笔尚且不能做到公正无私，要求一部个人向的漫画作品去做到完全的不偏不倚未免就苛刻得过分了，何况本身其面向的人群就是特定的。我也相信，属于那些纯真年代里的许多东西，那些带有浓郁理想色调的壮怀激烈，是不需要被放到左右的天平上称量再用政见这种东西粗暴地切上一刀的。
另表示弹幕现在真的很干净，让人觉得很舒服，谢谢那些为保护大多数人心情和智商而不断清理低端弹幕的清洁工们，大家辛苦了！",1801,5,2015-03-05 23:03:18,女,,5,年度大会员
746,二级评论,不眠的灯火,心平气和的看待就好,7,0,2015-03-05 23:09:23,保密,,6,年度大会员
747,二级评论,砂糖_酱,极左还要被洗白?,2,0,2019-08-17 18:04:18,保密,,5,大会员
748,二级评论,ikun解某虎,回复 @_犹如故人归 :什么意思？,0,0,2019-09-28 12:13:11,保密,,3,无
749,二级评论,今生夕往,回复 @_犹如故人归 :你感觉自己很特立独行就行了,0,0,2019-10-05 11:09:55,保密,此处为空白,5,大会员
750,二级评论,paladinstorm,回复 @_犹如故人归 :而且从语言理解来看，这个哥们只是说不要再把一共时期的事情再用左右思想重新解构分拆了，我也没见着他给极左洗地啊╮(￣▽￣)╭,2,0,2019-10-27 09:59:36,保密,,3,无
751,一级评论,蓝叽叽,这年头，表达对祖国的爱时，一定要找个人少的地方，再悄悄地说。,1199,34,2015-03-05 19:56:04,保密,自娱自乐，不喜勿喷。爱等等爱陛下。陛all党。,5,年度大会员
752,二级评论,乌有君2020,回复 @Z帅爆了:为何要找人少的地方，我爱这个国家，就敢站出来说，不然又要重演明明大部分人都要求保留苏联，最终自然解体的悲剧。我宁愿站着被人骂，也不远事后躲在角落里偷偷的后悔,147,0,2015-03-05 20:12:51,男,,5,无
753,二级评论,鴥彼初九,回复 @冷冷偷心贼:附议，好顶赞,4,0,2015-03-08 05:02:04,保密,雄关漫道真如铁。,5,年度大会员
754,二级评论,嗷呜先生,回复 @Z帅爆了:我很爱他。我悄悄地说。,16,0,2015-05-21 21:53:49,保密,,5,年度大会员
755,二级评论,如红尘如往昔,哪用悄悄说，大声的向所有人说,37,0,2019-03-31 00:18:57,保密,,5,无
756,二级评论,开心市民阿舟,我不管。我就要大声说爱她！！！,29,0,2019-04-30 00:21:28,女,每天开心不会错！！！,4,无
757,二级评论,种花家荷花姐,"除了在微博，哪里都能说。[2233娘_大笑]
微博傻子太多，所谓的“公知”大多数也是不明事理的傻狗。",84,0,2019-07-01 17:30:49,保密,"道临世间化万物，佛慈照世渡苍生。
儒晖千古传薪火，三教同心天地行。",5,大会员
758,二级评论,与你我何干,回复 @有酒且歌 :有一个人大声说出爱慕拆你死，现在还有一堆人追着咬呢[2233娘_喝水],6,0,2019-07-02 13:26:35,保密,,5,年度大会员
759,二级评论,阿云嘎的小桃子,我很爱她！！我要大声的说！！！（破音）,13,0,2019-08-14 13:19:38,女,,5,年度大会员
760,二级评论,Abigale1015,现在可以大声的说了,4,0,2019-08-18 09:01:25,女,我懒死了 所以什么都没写,5,大会员
761,二级评论,瞬间爆栗,回复 @有酒且歌 :由衷地佩服！！,0,0,2019-08-20 23:15:37,保密,做一只多才多艺会鬼畜的栗子,5,年度大会员
762,二级评论,Bili_430944279,现在大声喊出来吧，l live China,3,0,2019-08-21 20:41:25,保密,"虽然会很痛，但我还是选择那种滚烫的人生
",3,无
763,二级评论,大麦君心,很爱她，悄悄地,0,0,2019-08-22 13:20:58,保密,喜欢一个人，是没有理由的,5,无
764,二级评论,无敌战神yy,回复 @傻苟龟我管 :是I love China,3,0,2019-08-29 23:44:38,男,,2,无
765,二级评论,湖下琥珀,大声说出来又如何？我很爱她！,1,0,2019-09-28 00:16:42,保密,信仰是雪兔组！,5,无
766,二级评论,许墨家的蝶,"废青年年有,今年特别多。",3,0,2019-09-30 18:22:11,女,,4,无
767,二级评论,早秋廿四,现在是9012年了，可以大声给阿中哥哥打call了[打call],4,0,2019-10-02 18:39:31,保密,,4,无
768,二级评论,德约Deyue_,回复 @种花家荷花姐 :现在的微博可以说了哈哈哈,0,0,2019-10-06 00:00:28,男,,5,大会员
769,二级评论,清水之濯,现在不用了[微笑],3,0,2019-10-15 21:27:44,男,上善若水,5,无
770,二级评论,淼淼今天要早睡-,现在哪里都可以奥！,1,0,2019-10-15 22:52:53,女,加油加油加油୧((〃•̀ꇴ•〃))૭⁺✧,4,无
771,二级评论,松涧丶竹,2019，光明正大说爱国，这个国家渐渐强大了阿,4,0,2019-12-16 16:46:47,保密,,2,无
772,二级评论,塔塔的眼睫毛,不，爱种花家，我要大声吼出来，不爱国，朋友都没得做(〜￣△￣)〜,3,0,2019-12-22 19:40:13,保密,"何人知我霜雪归，何人与我共一醉


不许说我家兔子，谁说我咬谁╮(╯▽╰)╭",4,无
773,二级评论,Azsmnko,回复 @松涧丶竹 :不是的，现在你在某音说一句中国的好话就会被说是被CCTV洗脑了或者战狼,1,0,2019-12-23 23:01:42,保密,,2,无
774,二级评论,王小小123456,不，不爱祖国却住在这吃着这的饭，还是早早滚哈,1,0,2019-12-26 23:07:35,女,忘不了的，我有莱昂纳多先生灵魂附体，一定能成,3,无
775,二级评论,788520,我爱我的祖国，我信仰共产主义，我可以大声地讲,5,0,2020-01-02 02:14:51,男,,5,年度大会员
776,二级评论,种花家的园丁兔,现在是2020，我们已经占领宣传高地，有啥说啥,2,0,2020-01-11 05:58:43,男,一枚培养社会主义接班人的园丁,5,无
777,二级评论,郑绒绒的嘎子,回复 @阿云嘎的小桃子 :嘎嘎的粉丝果然都是善良的人呢,0,0,2020-01-13 04:37:06,女,,2,无
778,二级评论,可爱的wow,战狼总比洋犬强,3,0,2020-01-15 01:57:47,男,真正的大师永远都怀着一颗学徒的心,5,大会员
779,二级评论,西街九号,大声说了,1,0,2020-02-13 10:38:06,女,我爱上了风吹麦子的声音。,4,大会员
780,二级评论,方程式x,现在可以随意说了,1,0,2020-02-15 13:34:22,女,我想中奖啊,4,无
781,二级评论,未闻狐鸣,为什么？我今天就一定要站出来说这句话：我爱中国,2,0,2020-02-18 18:55:17,男,"第五人格艺术玩家，主玩杰克
整个游戏最菜的六阶
水友群663010209





















恭喜你发现了一个宝藏UP",5,大会员
782,二级评论,凛央-未,情敌太多……？,2,0,2020-02-18 19:26:24,女,,4,无
783,二级评论,歌者萌5号,回复 @种花家荷花姐 :没错，微博简直乌烟瘴气,1,0,2020-03-01 22:25:04,保密,,3,无
784,二级评论,皮的一批的帅卡丘,？为什么啊？,0,0,2020-03-05 10:04:56,保密,是一个混欧美和古风圈的老傻雕皮卡丘………,3,大会员
785,二级评论,糖带玻璃渣,我爱种花家，我爱我的祖国,0,0,2020-03-17 19:33:08,女,,4,年度大会员
786,二级评论,厌与yu,2020 不用啦,0,0,2020-03-20 20:15:31,女,众口难调,4,无
787,二级评论,悠然-hplc,现在可以大声说了，五年，变了很多,0,0,2020-04-03 23:29:47,女,开……心,5,无
788,一级评论,英俊的白貂,很爱巴金先生说的一句话，“我们的祖国并不是人间乐园，但是每一个中国人都有责任把她建设成人间乐园。”,836,3,2015-03-07 22:09:31,男,活的,5,年度大会员
789,二级评论,是语莺啊,原谅我小学的时候一直以为巴金先生是外国人[tv_流泪],16,0,2020-03-01 19:01:07,女,嘿嘿嘿,2,无
790,二级评论,魔法少女格格巫_,回复 @是语莺啊 :我到初中也以为他是外国人😂,1,0,2020-03-20 19:59:48,女,,4,大会员
791,二级评论,44024089543_bili,巴金，汉族，四川成都人，原名李尧棠，字芾甘，笔名有王文慧、欧阳镜蓉、黄树辉、余一等。中国作家、翻译家、社会活动家、无党派爱国民主人士。（来自百度）,2,0,2020-03-28 00:36:46,保密,,3,无
792,一级评论,梧下阿萌,说真的兔漫很正三观，看着签条约那里就忍不住哭了………向先辈们致敬。我爱种花家，以及想想身边一堆人被皿煮大法忽悠的团团转就觉得又可笑又可悲……,937,3,2015-03-05 14:01:44,女,努力成为优秀的人。,5,大会员
793,二级评论,我那么萌不要无视我,借楼推荐推荐中国少有的乡土学者——温铁军：八次危机中国的真实经验av1387141,10,0,2015-03-05 17:47:33,保密,,3,无
794,二级评论,我那么萌不要无视我,"温铁军：东西方文明的不同和对西方灌输给东方的观念的反思av1379559
温铁军：生态文明与社会进步av1379571",6,0,2015-03-05 17:51:11,保密,,3,无
795,二级评论,我那么萌不要无视我,中国国家地理：温铁军，新农人的乌托邦实践，国内外城市农园发展的经验av2079206,1,0,2015-03-05 23:09:12,保密,,3,无
796,二级评论,鸡♂蛋君,专制大法好(=・ω・=),0,0,2015-03-06 03:01:34,保密,夜路走多了，总会遇到鬼的,5,大会员
797,二级评论,Bili_6214792,"回复 @梧下阿萌: 兔吧入口:
http://tieba.baidu.com/p/3617655270
轻松有趣，兔吧欢迎您！",0,0,2015-03-06 03:24:02,女,,5,大会员
798,二级评论,我那么萌不要无视我,较量无声（上集）讲到了冷战，会让人反感，所以网络上只上传（上集）的人：其心不良志在引战，其实只要看一看（下集）美国和平演变方式实例就好了。http://www.iqiyi.com/w_19rsktl2bl.html#vfrm=2-3-0-1,1,0,2015-03-06 13:31:47,保密,,3,无
799,一级评论,流程如,在有些人眼里，爱国也成了一种罪过了╮(￣▽￣)╭,884,22,2015-03-06 13:34:42,保密,普通宅男一枚委曲求全去天桥区,6,年度大会员
800,二级评论,捏一下呱一声,(｡･ω･｡)爱国当然要爱啊，但是要理性的爱国吧，看什么都嘲讽我觉得过了，战争是政府的决定不是吗╮(￣▽￣)╭不接受撕逼,37,0,2015-03-06 16:41:46,保密,何事秋风悲画扇，花落人散两阑珊,6,年度大会员
801,二级评论,金色的水曜日,砸日产车确实不是罪过。（此人已搭乘前往火星的航班，请不要联系）,6,0,2015-03-06 21:23:10,保密,这个人懒死了，什么都没有写 (･_･),5,大会员
802,二级评论,金色的水曜日,我不是骂UP主啊~也不是反驳啊~我只是求眼熟(〜￣△￣)〜,0,0,2015-03-06 21:23:52,保密,这个人懒死了，什么都没有写 (･_･),5,大会员
803,二级评论,w吴邪w,回复 @霜叶红于二月花:我觉得 凡事要自己去深入了解然后发表自己的立场 而不是人云亦云 当个愤青,3,0,2015-03-06 21:39:51,女,退一步海阔天空,5,年度大会员
804,二级评论,愁闻清雨,回复 @TKAB:对不起我还是忍不住回复你了。。。砸日产车不等于爱国,41,0,2015-03-06 23:07:09,保密,怎么这么冷，就好像每一粒雪都下到了骨子里。,5,无
805,二级评论,我cp天下第一,。。。。(°ー°〃),0,0,2015-03-07 13:03:48,保密,"来生有来生的际遇
全新的开始
才是真正的未来",5,大会员
806,二级评论,捏一下呱一声,回复 @天真喜欢啊柴 :╮(￣▽￣)╭有些人看见日本几个字就开喷，也不管是什么内容。(｡･ω･｡)东西不要只了解一点就开始评论，有的时候的结果给的是自己最响亮的耳光,7,0,2015-03-07 13:48:39,保密,何事秋风悲画扇，花落人散两阑珊,6,年度大会员
807,二级评论,DeaS,回复 @霜叶红于二月花 :╮(￣▽￣)╭有些人看见中国几个字就开喷，也不管是什么内容。(｡･ω･｡)东西不要只了解一点就开始评论，有的时候的结果给的是自己最响亮的耳光,27,0,2015-03-07 16:05:37,保密,冠を衝く一怒は、紅顔の為なり！,6,年度大会员
808,二级评论,SCP-O5-CN-12,(｡･ω･｡)爱国当然要爱啊，但是要理性的爱国吧，看什么都嘲讽我觉得过了，战争是政府的决定不是吗╮(￣▽￣)╭不接受撕逼,1,0,2019-06-25 21:53:02,男,若收容物再次复苏，scp基金会将拼尽一切,4,大会员
809,二级评论,承太郎水产,真的，在百度上说“我爱霉利坚”一堆人赞，说“我爱中国”一堆人骂，微博也比比皆是。真的感觉三观被刷了，最气人的是那群人还以为自己特别厉害，啥都懂一样的…真的无语[小电视_差评],60,0,2019-07-13 22:58:38,男,,4,年度大会员
810,二级评论,蛋蛋面74M3,回复 @承太郎水产 :如果我告诉你除了新加坡以外每个国家基本上都这样呢；,3,0,2019-08-15 19:24:53,女,HOP HOP HOP HOP HOP,4,大会员
811,二级评论,承太郎水产,回复 @蛋蛋面74M3 :那是真的无语[微笑]还有，为什么新加坡没有？,2,0,2019-08-31 09:02:03,男,,4,年度大会员
812,二级评论,时间观测者焰,回复 @承太郎水产 :这种人有问题，虽然我有时也会抱怨口嗨，但我仍然喜欢这个国家，爱着这个国家，那群人可能流的是杂种的血,9,0,2019-10-01 18:56:48,男,,5,大会员
813,二级评论,节操和智商已下线,回复 @蛋蛋面74M3 :那说明他们也就给大国提鞋的命了,0,0,2019-11-03 08:30:14,保密,呵呵呵呵呵，愚蠢,5,大会员
814,二级评论,划水的浪白,爱国当然是对的只是烦的是碍国,3,0,2019-11-16 16:58:06,保密,,5,年度大会员
815,二级评论,向天空满舵-,回复 @承太郎水产 :你去发我爱美利坚试试，绝对踩的多，人云亦云，你看过这帖子。我爱中国点赞的很多好吧，只要你不再后面加我爱了你也必须爱，必须要干嘛干嘛。要不然就是汉奸，说你带节奏。巴拉巴拉一大堆。,3,0,2019-12-14 12:53:04,男,,5,大会员
816,二级评论,Azsmnko,回复 @承太郎水产 :还有抖音,0,0,2019-12-23 23:02:50,保密,,2,无
817,二级评论,共产注意种花兔,回复 @光之秘银 :我不知道被别人说是碍国者的是否碍国但那些到处说别人是碍国者的是真的碍国,2,0,2019-12-24 10:36:04,男,,4,无
818,二级评论,卐高坂穗乃果卐,回复 @承太郎水产 :俺告诉你，就他们的破想法，和废青一样，真TM恶心，气死偶了！[生气],2,0,2020-01-19 07:32:22,男,艺术自由万岁！Love Live万岁！,4,无
819,二级评论,哈佛大学生龙,回复 @愁闻清雨 :对,0,0,2020-01-23 23:54:00,男,苍生涂涂，天下缭缭，诸子百家，唯我纵横!,4,无
820,二级评论,bili_90130274869,就好比这个那兔都有人说幼稚，洗脑，恶心，我真是服了，不过是一个借着动画讲述历史的作品。每逢有爱国主义题材的就有人喷，我寻思美国还大肆宣扬美国梦呢，中国怎么就不能弘扬中国梦了？啥叫碍国？除了砸日本车的那种，别的我还真没觉得有啥妨碍国家的。不喜欢其他国家就叫碍国？不喜欢不代表不承认他的优秀之处，不会向它学习。倒是我觉得很多人才是只看到了差距，看不到祖国的进步，一味的踩着中国赞扬他国，才是真正的碍国，令人作呕呢。,7,0,2020-03-07 10:47:18,保密,,3,无
821,二级评论,-牧天-九歌-,曾经，也只是个偶尔看看评论区懒得理那些人的人，现在，见一个双标反手就是个举报，B站环境实在大不如前,1,0,2020-04-02 00:23:52,男,老二次元/爱好汽车/坦克萌新/手绘小触/厨艺新人/初入女装/佛系主播,5,年度大会员
822,一级评论,fatty1992,"有一群人说，我生在这个国家，是我的无奈，但如果我儿子还是生在这个国家，那就是我无能。
另一群人说，我出生时国家这样，是我的无奈，但如果我儿子出生时国家还是这样，那就是我无能。",641,23,2015-03-06 22:09:28,保密,,6,年度大会员
823,二级评论,0逍遥子0,赞！！！！两句话个别字的改动，表达了两种截然不同的人生态度和人生境界！！！给后者点赞！！！！(=・ω・=),53,0,2015-03-06 22:12:30,男,细味人生快乐种种，后人与你必有所得。,6,大会员
824,二级评论,风祝早喵,"(￣3￣)注意加“们”字，这毕竟不是一个人的事。。。有一群人说，我生在这个国家，是我的无奈，但如果我儿子还是生在这个国家，那就是我们无能。
另一群人说，我出生时国家这样，是我的无奈，但如果我儿子出生时国家还是这样，那就是我们无能。",17,0,2015-03-06 22:14:15,男,,5,年度大会员
825,二级评论,✌,其实自己热爱祖国，跟把孩子生在哪里无关吧。我周围大多数都比较倾向于把孩子生在香港新西兰美国等等,7,0,2015-03-06 22:15:42,女,,5,大会员
826,二级评论,Glorious灰骑士,回复 @fatty1992:赞ヽ(〃∀〃)ﾉ,0,0,2015-03-06 22:18:57,保密,家中有急事，更新是不可能更新了,5,年度大会员
827,二级评论,云风映,回复 @偷 :可是美国是在境内出生的婴儿都是美国国籍耶，而且中国不承认双国籍(´･_･`),16,0,2015-03-06 23:23:53,保密,,5,大会员
828,二级评论,魅影の狐,这个要赞一下，这话说得实在太硬气,1,0,2015-03-07 00:57:29,保密,某一只和空幻、八云、千鹤无关的狐狸~,5,年度大会员
829,二级评论,黄金魔方丶,回复 @黄猴子:小猴子233！,0,0,2015-03-08 12:09:13,保密,,5,年度大会员
830,二级评论,咪撸咪撸,我希望把儿子生在中国，因为我希望我的后代也能为他的祖国做贡献，而不是在国外享福。,9,0,2015-03-09 00:00:30,女,如果要死去请让我死在床上,5,大会员
831,二级评论,魔fa师,回复 @灰win :总要有人来改变，要不然这个国家就拉倒了，为什么开国的时候有那么多科学家回来做贡献，按道理来说他们之前都是在简单模式里为什么要回来这个比地狱模式还地狱模式的地方，就是因为他们热爱着这个国家，想改变这个国家的命运，不想之后的子子孙孙还是地狱模式或者当一个二等公民,32,0,2015-03-09 20:30:19,男,,5,大会员
832,二级评论,gobelieve,回复 @灰win:我是个初中生我就不乱说了……我就代表我个人，觉得我被爹妈生在中国挺好的，也愿意继续挑战修罗难度，总有一代能通关。就算是为子孙着想，也要问问你孩子乐不乐意啊。,14,0,2015-03-09 21:45:51,保密,,2,无
833,二级评论,神经质猫咪,回复 @灰win:所以说总有人会在历史中留下姓名，而有的人默默无闻……你说第二种人是为了好名声，近代史中多少人啪啪啪打你的脸！( ´_ゝ｀)你的理想是这样我的理想是那样，我没有理由强迫你改变理想，你也没有理由诋毁我的理想(⌒▽⌒),22,0,2015-03-12 19:13:28,保密,大部分很和平,5,大会员
834,二级评论,O三三--,大赞，改变文字的顺序，表达两种截然不同的人生态度啊啊,0,0,2015-03-12 22:11:05,保密,红红火火恍恍惚惚哈哈哈哈,4,大会员
835,二级评论,ガチャガチャガチャ,回复 @三个H：讲得好棒٩(๑&amp;gt;◡&amp;lt;๑)۶,0,0,2015-06-19 01:47:35,保密,,4,无
836,二级评论,闭嘴你个基佬1,回复 @云风映:放屁，中国法律是不承认双国籍，但如果父母一方是中国人可以选择是美国国籍或者中国国籍。,0,0,2015-07-11 09:32:02,保密,迷茫总是遮盖着我，命运也在和我开玩笑，不停的哭和笑，只是对这样的绝望--------我已麻木,5,大会员
837,二级评论,未来咸鱼要翻身,于是中国无能了一代又一代,2,0,2015-07-15 21:03:34,女,嘤嘤嘤,5,大会员
838,二级评论,灰win,回复 @三个H :你先看清内容再说吧我并没有一概否认第二种人只说明有为了名声 也有为了国家的   人死后就什么都没有为了不让人遗忘 大都希望流芳千古 这样难道有错  你有为什么能够断定你认为是为了国家的人不是为了名声 假设某个科学家在美国生活 而他希望被后世记住在美国实现不了所以来到了中国在这个落后的国家做出贡献更容易成名吧    近代史中多少人啪啪啪打我的脸 你有没有想过你举出的人都已经成名都被后人所歌颂你凭借自己的主观去认定他们的想法 书上说的是好但它难道全都是真的你会希望自己遗臭万年 你又哪里看见我在诋毁什么东西了  请你告诉我我诋毁的是什么（#-_-)┯━┯,1,0,2015-07-22 09:41:53,男,b站    已经不是b站了,5,大会员
839,二级评论,灰win,回复 @gobelieve :是吗 打一个比方如果你生在法国你觉得法国挺好那么你就是随遇而安 但你觉得中国挺好那你就想和移民的人一样了 为子孙着想要采纳子孙的意见  呐 有时你爸妈会让你干一些你不愿意干的事吧 他们也说是为你着想 但你也会拒绝吧  话说我真无聊,0,0,2015-07-22 10:04:32,男,b站    已经不是b站了,5,大会员
840,二级评论,灰win,回复 @一千个人同时 :其实我也感觉你说的不错但回复我的我都回复了唯独缺你一个让我很不舒服 所以就随便说点什么   要问为什么的话因为我无聊啊  开国之时百废待兴祖国的一切都具有希望  像一个出生的婴儿一样他们帮助这个孩子成长 正像他们爱国一般大概因为他们相信祖国未来会很强  他们爱的是当时的国 但他们现在或许也爱国   而且我所说的那段话是基于那个是为儿子着想  你们硬要扯到爱国这件事  还有我爱国不爱dang,0,0,2015-07-22 10:26:34,男,b站    已经不是b站了,5,大会员
841,二级评论,梨里栗酱,我爱中国，我将来也不会出国定居，最多出国旅游。但我也不会让孩子生在新西兰或者美国或者欧洲，我会让他在中国接受中国的教育，让他继承中国的文化传统。至于他长大以后，他做出什么决定那是他的权利和自由。但我相信，我一定有那个教育能力让他也成为一个愿意为祖国付出愿意热爱这个土地和国家的人。,0,0,2016-09-25 18:29:42,保密,,3,无
842,二级评论,東雲博士Official,回复 @梨里栗酱 :定居家里没几百万别想了,0,0,2019-08-06 09:03:51,保密,宁夜蝶号很，，，不建议拉黑,4,大会员
843,二级评论,坐看雪樱,回复 @云风映 :还有，如果父母皆为中国国籍在美出生，成年时可以进行一次选择，决定自己成为中国人还是美国人,0,0,2019-09-28 15:27:06,保密,,4,年度大会员
844,二级评论,咸鱼炸酱面,回复 @未来咸鱼要翻身 :但凡出门走走，看点新闻也不至于说出这样的话[吐],0,0,2019-10-01 17:41:00,保密,离谱,5,年度大会员
845,二级评论,咕咕咕GG_Official,回复 @未来咸鱼要翻身 :？,0,0,2019-11-16 13:08:04,男,変つたあああああああああああー,4,年度大会员
846,二级评论,南妩莜,回复 @灰win :起码他们不管为了什么，都为中国做出了贡献，这就值得我们尊重了，又何必以你的想法来揣度别人呢？,0,0,2020-03-30 19:15:57,保密,,3,无
847,一级评论,罗密阿与朱丽渣,有时候在想，在很久很久以后，2050，2060的时候，这个国家差不多掌握在，现在和我们年龄相仿的人手里，会不会还记得自己这个时候对这个国家的期望，会不会做到让2050的年轻人满意。现在在台上的人，在很久很久以前，年少轻狂，想要救国想要兴国，他们狠狠地批判过这个国家，唾骂过在台上的人，不管他们是好是坏，最后他们都站在了台上，用自己的能力去改变这个国家。不知道自己在讲些什么，总的一句话，如果不甘心，不愿意，甚至觉得现在的国家糟透了，那就爬上去，告诉所有人，我就是很不喜欢很讨厌以前的那个国家，所以我上来了，我要改变他！这世界的史诗都是一个个不可能创造的。,877,18,2015-03-08 13:46:16,保密,,5,无
848,二级评论,KeeD,_(:3」∠)_,1,0,2015-03-08 13:48:03,男,FQ,5,大会员
849,二级评论,国卿Chin,这话中肯（￣▽￣）,4,0,2015-03-08 13:48:47,女,金鱗豈是池中物，一遇風雲便化龍。,5,大会员
850,二级评论,帝龍雷牙,这话好评(｀・ω・´),4,0,2015-03-08 17:39:09,男,"帝龍雷牙——大地咆哮，海洋翻滚，苍穹轰鸣，持雷之牙，行天之道，帝龍降临
帝龍雷牙——大地崩裂，海洋沸腾，苍穹碎裂，断罪雷牙，戒律天道，帝龍降临",6,年度大会员
851,二级评论,夜语丷,回复 @左眼的蓝火BRS:阶级固化的这位仁兄，先且不说中国的阶级固化有没有外国严重，你发这句话的时候尝试过打破它么？改变这个国家，需要的是勇于实践的人，不是怨天尤人的说什么阶级固化的,75,0,2015-03-08 20:57:40,男,,6,年度大会员
852,二级评论,Tennessines,回复 @飞扬草 :毒菜郭嘉嘛...什么错都是体制的错咯，皿煮人士当然觉得这不是他的国家咯,31,0,2015-03-08 22:55:58,保密,,6,无
853,二级评论,神经质猫咪,回复 @高二病也要XXX:我觉得现在的毒菜是最好的政策，不这样不知道会乱成什么样……,15,0,2015-03-12 19:14:13,保密,大部分很和平,5,大会员
854,二级评论,°azure°,有些人整天说着中国这不好那不好，那么到那时候，他们会怎么样呢。不过还是躲在一个黑暗角落里咒骂着新一代领导人的【无能】,30,0,2015-04-19 18:03:19,女,我是梓鸢w,4,大会员
855,二级评论,sdsd1156,回复 @左眼的蓝火BRS:阶级固化指什么呢？这个国家不是我们的，简直就是墙外G+上那帮子人的言论…,4,0,2015-06-28 23:22:20,男,,6,年度大会员
856,二级评论,丶林柒柒丿,说得好！(･∀･),0,0,2016-08-03 20:20:05,女,沉迷方舟，并且没能日渐消瘦,5,年度大会员
857,二级评论,保守右翼ISEE,不好意思，你没能力就老实干活。我家里有人就是考上公务员干到现在的副职。发这种言论只能说你见识短浅,6,0,2019-07-31 10:05:08,男,没有目的就没有团结，对此仇恨比爱更有效。,3,无
858,二级评论,IDxixi,哇，这个说法一出来，有点蒙蔽。以前还真的没这么想过啊。我们也会成为顶梁柱的一天。,0,0,2019-10-02 22:00:58,男,静等顾文徐风吹,5,大会员
859,二级评论,最柔的柔,70周年国庆的我们回来看5年前，现在的年轻人都很爱国,0,0,2019-10-04 15:50:00,保密,源源源源源源666666,5,大会员
860,二级评论,星幻star,别想了，x长以上都是生出来的，和能力没有关系,1,0,2019-10-16 22:51:16,保密,,5,年度大会员
861,二级评论,岛の里美,那就下个30年之约，需要上船的留个Mark,0,0,2019-11-14 18:23:34,男,随便看看,4,无
862,二级评论,种花家的混混,和我想的一样,0,0,2019-12-03 17:47:12,男,,3,无
863,二级评论,琴瑟荷茗,回复 @星幻star :不好意思，还真不是,0,0,2020-01-04 11:06:01,保密,,2,无
864,二级评论,听听就睡了,有能力执掌天下的人从不会在网上闲逛抱怨嘲讽，因为他们在做该做的事。掌握国家未来的绝不会是一群网络政治家。,2,0,2020-01-12 01:10:49,保密,,3,无
865,二级评论,吾乃肥胖者,2020,0,0,2020-01-14 21:12:54,保密,"本座赐玺，乃九州褔
吾尊于天，授予黄昌
宣申贺寿，祝道万禧
祀苍之运，祭祖之德

",4,年度大会员
866,二级评论,雨中的红莲,对，很讨厌有些人躲在阴暗的角落里，指手画脚，看自己国家的笑话。不过看到支持他的人很少，我就放心了。,1,0,2020-03-06 15:52:31,保密,,2,无
867,二级评论,D调懒羊羊,我可以摘抄下来吗？,0,0,2020-03-18 00:11:19,男,,4,无
868,一级评论,星空的守望者,某些人真该好好摸摸自己的良心了 回去去跟你父母说说 你整天在网上 黑国家 骂政府 恨社会 看你父母是会夸你还是一巴掌打过来 我们现在是日子好过了点了 可是做人不能忘本啊 我们的今天是无数先烈做梦也不敢想的明天 经历这么多年的磕磕碰碰 我们挺过来了 可是脊梁不能断！ 作为一个中国人 就该堂堂正正的站起来！！！,617,7,2015-03-07 19:15:56,男,→_→这是一只很懒的UP 直播时间看心情 除周末外每天十一点断网 放假后可能会失踪~,5,年度大会员
869,二级评论,夜语丷,"回复 @中二病也要喜当爹:还能是什么造成的？不就是你们这些被外国宣传洗脑的美分么？
社会主流价值观是不是通过移民率体现的，反过来说，把只代表一小部分人的移民率当主流价值观的人才是肤浅吧！如果外国好过中国真的成为主流价值观，那我们早被和平演变了，还用你在这里唧唧歪歪？
至于你说的物质论我也不想评论，你还真别不信，我们中华民族这么大，就是不缺一腔热血报效祖国的人。
我们国家不足肯定存在，而且不少，到这不能成为你逃避的理由，我们发展了多少年，美帝抢劫了多少人，总想着六十年赶美超英不行怎么看都是政府的错的我也是对你无语了",69,0,2015-03-08 20:53:29,男,,6,年度大会员
870,二级评论,红色风暴CCCP,回复 @中二病也要喜当爹:可笑，你当美国没人是不是？一出国就准备当成大熊猫一样供着，不想想人家高技术人才也是论千万记得,30,0,2015-11-27 18:25:12,男,皎皎寒月光   人将其比日犹明   谎亦常相随,6,年度大会员
871,二级评论,关于克里提尼,回复 @中二病也要喜当爹:你每层楼都回复，也是蛮辛苦的，祝你移民愉快，别搁这嘴炮了,23,0,2016-03-25 07:35:48,保密,real love,5,大会员
872,二级评论,夜城如沫,"回复 @中二病也要喜当爹:为什么差不多每条评论都能看到你这个逗比。
(〜￣△￣)〜",5,0,2016-04-19 22:11:29,男,,5,大会员
873,二级评论,穷到昏厥滴追星少女,回复@浅夜汐空:他哪是逗比啊，他是***,1,0,2017-01-17 20:53:17,女,"最新韩剧、韩综、韩影、k-pop 相关视频
追星少女的碎碎念，喜欢请关注！
（墙头贼多......）",4,年度大会员
874,二级评论,种花家的园丁兔,2020，这些人很多被扫进了垃圾堆(°∀°)ﾉ,5,0,2020-01-11 06:00:09,男,一枚培养社会主义接班人的园丁,5,无
875,二级评论,超爱蛋卷,今天我们所拥有的一切都是过去先辈的血和汗换来的 我们所享受的一切他们可能不曾享受过,1,0,2020-03-11 13:22:07,保密,so cure????✨,2,无
876,一级评论,你家的杨桃,"我会看日漫。
我也会看小鲜肉的韩剧。
我也会玩着日本的游戏。
我也会深爱着某些番剧。

我知道祖国还不是很好。
我知道祖国会有坏人。

但有人想抹黑祖国，
我也会去举报他们。
和热爱这个国家的人一起去抵抗。

她曾经堕入世界末尾，
被许多人欺负。
但她坚强了起来，
重新站在世界前端。

如果没有她，
还有他们，
你们根本没有机会在这里嚣张的抹黑她。

至可爱的祖国，
还有同样可爱的他们。

我们的目标是星辰大海！",610,7,2018-01-18 00:02:55,保密,无所谓,5,无
877,二级评论,你家的杨桃,回复 @Asuna_酱:？？？,0,0,2018-01-24 21:33:27,保密,无所谓,5,无
878,二级评论,Archer丨EX,回复 @Asuna_酱:？？？,0,0,2018-01-27 13:34:57,男,A1厨和ぁぇ厨,5,无
879,二级评论,你家的杨桃,回复 @Archer丨EX:这句话写什么意思,0,0,2018-01-27 14:20:41,保密,无所谓,5,无
880,二级评论,Archer丨EX,回复 @你家的杨桃:*******没了还有国。。民。。党,0,0,2018-01-27 14:22:56,男,A1厨和ぁぇ厨,5,无
881,二级评论,Archer丨EX,回复 @你家的杨桃:Kuo Min Tang是威妥玛拼音，是一套用与拼写中文普通话的罗马拼音系统。,0,0,2018-01-27 14:25:00,男,A1厨和ぁぇ厨,5,无
882,二级评论,回家睡觉0v0,回复 @Asuna_酱:看看现在的台湾。国民党若领导中国现在中国就是美国的附属国。→_→,22,0,2018-01-29 17:32:17,保密,"真正的强者，并不是要一味的击败自己所有的对手。而是因为这些对手的存在，自己，才会变得更加强大！
",5,大会员
883,二级评论,酃髻爰,回复 @Archer丨EX :keke，当年是扶不起的阿斗，现在依然是，选择亲美只会成为附属品，只有自己站起来才是真正的国家，蒋在民族大义底线方面还可以，其他的就算了，尽管*********也有一些问题，但总比国   民  党强，参照湾湾………………,10,0,2018-04-19 22:28:17,女,若能避开猛烈的狂喜，自然不会有悲矜来袭,4,无
884,一级评论,传说中的大叔A,(´･_･`)比看打鬼子强多了，比起继承仇恨还是继承荣耀好。,623,12,2015-04-17 21:40:56,保密,"想当年我穿开裆裤的时候,你还是个流鼻涕的小不点呢.",5,无
885,二级评论,Machine-War,+10086,1,0,2015-04-17 21:51:11,保密,,5,大会员
886,二级评论,鸡蛋三明治赛高,这句话真的很好！比起继承仇恨还是继承荣耀！,8,0,2015-04-18 14:59:01,女,社恐是没救的，这辈子都没得救了,5,年度大会员
887,二级评论,抽风不死,强烈赞成楼主的观点,1,0,2015-07-18 01:55:17,保密,,5,年度大会员
888,二级评论,曹操小瞒,不忘记仇恨，不原谅仇人，继承荣耀,24,0,2019-10-01 22:25:19,保密,,4,无
889,二级评论,一只飞船,"不忘记苦难也不消费苦难。
继承荣耀说得好呀",8,0,2019-10-03 14:18:06,保密,,4,年度大会员
890,二级评论,32248910048_bili,可以谅解仇恨不能遗忘荣耀,0,0,2020-01-08 21:45:26,保密,,5,年度大会员
891,二级评论,菜鸡的纸鸢,打鬼子看的我智商严重下线[捂脸],0,0,2020-01-17 09:35:28,男,这老吊都快懒死了，什么也不带烦写呀不带烦写(╬ -´ω-)y-~~,4,大会员
892,二级评论,l新洸,但是不能忘记历史。日本爹现在和当年还是一样的，[抠鼻],0,0,2020-03-03 23:06:02,男,,5,年度大会员
893,二级评论,bili_90130274869,仇恨也继承，荣耀也继承。不忘记仇恨，一是牢记落后就要挨打，二是时刻警惕狼子野心的小人背后捅刀子，一是发展自己，二是防备敌人。,5,0,2020-03-07 10:50:38,保密,,3,无
894,二级评论,屁桃君的分裂桃曦仙女,比起继承仇恨还是记住曾经的落后 想办法让种花家再也不落后于任何时候,1,0,2020-03-21 23:44:09,女,屁桃君的分裂桃曦仙女!可以叫我桃曦啦!,4,无
895,二级评论,专业卖瓜帅B,回复 @l新洸 :好碍国的五级号，属实有点吊哦,0,0,2020-03-31 22:22:02,保密,肖战必糊，给爷爬！,4,无
896,二级评论,l新洸,回复 @专业卖瓜帅B :你知道我为啥说不能忘记历史吗？因为日本还没向中国道歉，也没有承认侵略史。改教科书，改维基百科，极力掩盖侵略史。[疑惑],1,0,2020-04-01 08:47:21,男,,5,年度大会员
897,一级评论,ThorpMikeTash,爱国不是抱着自己国家的臭脚说香，爱国是要对肮脏的东西进行批判、唾弃、厌恶、并且尽自己的能力去改善它，但是别的国家的人说你国家的脚臭的时候你就要一巴掌干死他。,504,13,2015-03-06 22:49:28,保密,     4月,6,年度大会员
898,二级评论,EvangelWunder,这话说得好，保存防删,8,0,2015-03-06 22:52:51,男,,5,年度大会员
899,二级评论,璋瀚,并对好的地方认可、鼓励、以期其更好(=・ω・=),14,0,2015-03-06 22:54:03,保密,,5,年度大会员
900,二级评论,终结降临,这句话说的的确不错,3,0,2015-03-06 22:56:48,男,一个人的成长，就是战胜过去不成熟的自己,5,年度大会员
901,二级评论,突破天际的蘑菇,回复 @Thorp丿丶J:嫖宿幼女，带套不算强奸，第一个上不算轮奸。这三句话，目前为止没有一人回复过（百度贴吧发了很久了）。,2,0,2015-03-06 23:00:41,男,,5,大会员
902,二级评论,寻夢人,爱国不是抱着自己国家的臭脚说香，但也不是脚不臭的你非要说人家脚臭，更不是有人说脚不臭的时候还要给人家扣个五毛的帽子,49,0,2015-03-06 23:01:50,保密,,6,年度大会员
903,二级评论,终结降临,"回复 @葛三炮 :那我来回答吧：
法官说你算，你就算
现在是法治社会，谁和你辩那么多
法律法规上面白纸黑字那是写得清清楚楚，明明白白
",2,0,2015-03-06 23:03:47,男,一个人的成长，就是战胜过去不成熟的自己,5,年度大会员
904,二级评论,突破天际的蘑菇,回复 @终结降临:抬杠等于屁话，你这是刷存在感。,0,0,2015-03-06 23:12:56,男,,5,大会员
905,二级评论,哈尔滨的士好奇怪,话糙理不糙，不过现在能分清什么是肮脏的东西的人又有多少？肮脏所指的东西是个标准的概念么，那些就一定不是肮脏的那些一定是肮脏的很难说清,2,0,2015-03-06 23:15:01,保密,喜欢萨摩耶的哈士奇,5,大会员
906,二级评论,终结降临,"回复 @葛三炮 :那请问你是怎么想的？请正面回答
难道现在不是法制社会吗？
难道现在不应该依法办事吗？
法律和道德比起来哪一个执行力更强呢？哪一个更靠谱呢？
难道就因为某些莫须有的人情世故就应该纵容罪恶不依法律办事吗？
请正面回答
不然这一句话我完完整整的还给你",1,0,2015-03-06 23:22:04,男,一个人的成长，就是战胜过去不成熟的自己,5,年度大会员
907,二级评论,EvangelWunder,"回复 @葛三炮 :我来回复你这三句话，嫖宿幼女罪起刑为5年，高于强奸罪的3年，封顶为15年，没有无期和死刑，在设立时本想的是加重处罚，却在司法实践中冲抵了强奸罪的“后果严重”的部分，目前，最高院已经表态支持废除该罪名，一律以强奸罪处罚
戴套不算强奸系当事警方故意所为，是严重的违法行为，这个没什么好说的。
第一个上不算轮奸我记得这句话是在李天一事件中提出的，这是一些律师提出的，并不是法院最后的判决理由。最后法院仍以强奸罪后果严重的情形予以定罪量刑",27,0,2015-03-06 23:23:57,男,,5,年度大会员
908,二级评论,炫彩地瓜子,这话说得好！！,0,0,2015-03-06 23:49:58,女,刷视频用的账号,6,年度大会员
909,二级评论,白夜凛xyds,回复 @一只左手:说得好 有些人就知道站在过去说事情,1,0,2015-03-07 11:27:51,保密,,5,年度大会员
910,二级评论,五龙之首,顶！。。,0,0,2015-03-07 13:11:23,男,,6,大会员
911,二级评论,幻逸君,American,0,0,2020-03-09 20:38:07,保密,,4,大会员
912,二级评论,bili_59751481160,比如非法戒网瘾机构遍布全国,0,0,2020-03-20 13:30:37,男,,2,无
913,一级评论,日照会长,作为一名大学僧曾经在附小当了一年的志愿老师，有一次去上课因为我要讲的是新诗《我骄傲我是中国人》，为了引入就问那些小旁友们，你们对中国的印象是什么？大多数答案都是懦弱无能，那一刻觉得很莫名，为什么我们的后辈对自己祖国的印象会是这样的？？那节课讲了一节课的历史，我不知道是他们父母给他们灌输的印象，还是在网上被某些公知洗脑，这样真的很可怕。那兔这样的作品真的是应该多出一些，一个人不爱国怎么爱家，不爱家怎么爱人，连爱都不懂得那真的是一个健全的人吗？,337,5,2015-04-18 01:00:08,女,这个人懒死了，就不想认真写┐（─__─）┌,4,大会员
914,二级评论,疯子的艺术,回复 @少女丢离家出走的情商:父辈们经历的太多，他们亲身经历过中国的坎坷，我们出生在稳定和平的年代，不知道国家曾经的黑暗，小学生他们看不懂公知言论，是父母教育的肯定没错，以前我也觉得父母怎么这么反动，而等我进入社会了以后，我开始理解他们了。父母们才是从点点滴滴做起的人，那时候没有富二代，大家都一样。,20,0,2015-05-01 09:53:46,保密,,5,大会员
915,二级评论,冬青老司机,"能够理解，毕竟天朝还有很多渣的地方，加油改变吧！
",2,0,2015-05-03 00:23:43,保密,,5,大会员
916,二级评论,researchalpha,问题有，不少也不小，但没有一代一代地人去修正，它还是问题，所以得靠我们和我们的后代来矫正，不是瞎比比,9,0,2015-06-26 19:51:12,男,,5,年度大会员
917,二级评论,渭水舒河,也许不够强大，但未曾懦弱啊,11,0,2019-06-09 02:11:57,保密,,4,大会员
918,二级评论,种花家的园丁兔,现在再去问一次吧2020,1,0,2020-01-11 06:01:44,男,一枚培养社会主义接班人的园丁,5,无
